"iw","isst","SUM(count)"
2,1,867
2,2,406
2,3,847
2,4,646
2,5,403
14,1,366
14,2,300
14,3,537
14,4,1026
14,5,713
108,1,233
108,4,324
108,5,115
564,1,373
564,2,1333
564,3,437
564,4,489
564,5,1122
1484,1,536
1484,2,900
1484,3,1010
1484,4,1878
1484,5,533
2756,2,178
2756,3,1115
2756,5,661
3168,1,674
3168,2,634
3168,3,566
3168,4,507
3168,5,753
3420,1,137
3420,2,381
3420,4,198
3420,5,544
3984,1,569
3984,2,1029
3984,3,1089
3984,4,784
3984,5,1006
4617,1,139
4617,2,805
4617,3,806
4617,4,656
4617,5,1107
4741,1,407
4741,2,74
4741,3,1082
4741,4,897
4741,5,568
4901,1,155
4901,2,366
4901,3,391
4901,4,729
4901,5,547
5718,3,366
5718,4,509
5718,5,251
7259,1,37
7259,2,375
7259,3,166
7259,4,330
7259,5,427
7324,1,282
7324,2,624
7324,3,634
7324,4,580
7324,5,977
7403,1,937
7403,2,293
7403,3,523
7403,4,1288
7403,5,1248
8683,1,793
8683,2,220
8683,3,293
8683,4,41
8683,5,552
9477,4,43
9867,1,314
9867,2,423
9867,3,603
9867,4,641
9867,5,673
10109,1,60
10109,2,288
10109,3,290
10109,4,68
10109,5,1052
10899,1,65
10899,2,222
10899,3,182
10899,5,282
11592,1,847
11592,2,241
11592,3,219
11592,5,911
11800,5,172
12327,1,789
12327,2,337
12327,3,378
12327,4,485
12327,5,1026
13135,1,771
13135,2,752
13135,3,715
13135,4,452
13135,5,496
13959,1,164
13959,3,117
13959,4,439
13959,5,615
15037,1,229
15037,2,525
15037,3,476
15037,4,226
15037,5,558
16124,1,187
16124,2,710
16124,3,521
16124,4,602
16124,5,267
16336,1,852
16336,2,558
16336,3,1454
16336,4,636
16336,5,556
16825,1,673
16825,2,425
16825,3,154
16825,4,841
16825,5,382
17971,1,366
17971,2,579
17971,3,935
17971,4,496
17971,5,291
18515,5,230
18574,1,1309
18574,2,375
18574,3,275
18574,4,452
18574,5,390
18601,4,532
19964,1,670
19964,2,304
19964,3,804
19964,4,777
19964,5,1644
20163,1,223
20163,3,293
20266,1,798
20266,2,475
20266,3,880
20266,4,1291
20266,5,995
20550,1,587
20550,2,1424
20550,3,621
20550,4,344
20550,5,665
20722,2,921
20722,3,773
20722,4,681
20722,5,486
20858,1,830
20858,2,227
20858,3,232
20858,4,60
20886,2,194
20886,3,135
20886,4,35
21110,1,607
21110,2,1119
21110,3,741
21110,4,140
21110,5,70
21737,1,160
21737,2,151
21737,3,207
21737,4,713
21737,5,361
22459,3,243
22459,5,174
22586,1,803
22586,2,417
22586,3,1258
22586,4,413
22586,5,1371
22747,1,275
22747,2,505
22747,3,1003
22747,4,763
22747,5,985
22783,1,930
22783,2,510
22783,3,975
22783,4,1484
22783,5,435
23162,1,194
23162,3,183
23674,1,427
23674,2,920
23674,3,1320
23674,4,79
23674,5,1143
23991,1,160
23991,2,106
23991,3,91
24181,4,32
24380,1,1564
24380,2,303
24380,3,1255
24380,4,805
24380,5,1324
24600,1,235
24600,2,825
24600,3,575
24600,4,278
24600,5,81
25483,1,1057
25483,2,592
25483,3,337
25483,4,687
25483,5,1168
25565,1,324
25565,2,335
25565,3,828
25565,4,598
25565,5,191
26487,1,333
26487,2,405
26487,3,633
26487,4,412
26497,1,878
26497,2,478
26497,3,556
26497,4,560
26497,5,816
26578,1,1150
26578,2,964
26578,3,816
26578,4,912
26578,5,234
27591,1,202
27591,2,262
27591,3,393
27591,4,174
27591,5,187
28986,1,1111
28986,2,224
28986,3,527
28986,4,468
28986,5,869
29193,2,179
29193,3,97
29739,1,506
29739,4,210
29739,5,647
30717,1,1190
30717,2,993
30717,3,24
30717,4,782
30717,5,1114
30722,1,208
30722,2,99
30722,3,188
30722,5,140
30815,3,204
30815,4,31
30815,5,745
32795,1,182
32795,2,400
32795,3,22
32795,4,304
32795,5,314
33226,1,513
33226,2,905
33226,3,237
33226,4,729
33226,5,546
34051,1,209
34051,2,473
34051,3,290
34051,4,537
34051,5,461
35339,1,141
35339,2,340
35339,3,576
35339,4,111
35339,5,1001
35464,1,713
35464,2,1030
35464,3,873
35464,4,825
35464,5,355
35487,1,403
35487,2,248
35487,3,132
35487,4,24
35487,5,61
35608,1,411
35608,2,405
35608,3,671
35608,4,772
35608,5,473
36049,1,204
36049,2,283
36049,3,582
36049,4,81
36049,5,283
36471,1,124
36471,4,495
36471,5,587
37764,2,44
37764,3,168
37764,4,439
37764,5,558
38617,1,349
38617,2,264
38617,3,665
38617,4,708
38617,5,881
39423,1,185
39423,2,100
39447,4,244
39447,5,556
39580,1,276
39580,2,770
39580,3,481
39580,4,442
39856,1,484
39856,2,887
39856,3,586
39856,4,914
39856,5,460
40210,1,397
40210,3,176
40210,4,749
40210,5,803
41247,1,858
41247,2,225
41247,3,282
41247,4,867
41247,5,362
41646,1,279
41646,2,297
41646,3,163
41646,4,264
41646,5,210
41873,1,164
41873,2,77
41873,3,1608
41873,4,621
41873,5,832
42075,1,156
42075,2,861
42075,3,613
42075,4,876
42075,5,909
42477,1,241
42477,2,297
42477,3,69
42477,4,229
42477,5,285
44041,1,824
44041,2,793
44041,3,492
44041,4,787
44041,5,228
44920,3,87
44920,4,173
44920,5,22
45062,1,147
45062,2,465
45062,3,355
45062,4,294
45062,5,251
45427,1,698
45427,2,555
45427,3,949
45427,4,508
45427,5,493
45502,1,257
45502,2,119
45502,3,203
45502,4,534
45502,5,89
46263,1,234
46263,2,578
46263,3,25
46263,4,365
46263,5,927
46278,1,30
46278,2,470
46278,3,146
46278,4,437
46278,5,285
46567,1,1211
46567,2,374
46567,3,492
46567,4,1101
46567,5,980
48104,1,833
48104,2,754
48104,3,234
48104,4,512
48104,5,1046
48991,1,573
48991,2,854
48991,3,336
48991,4,351
48991,5,1589
49582,2,202
49582,4,932
49582,5,517
49728,1,1446
49728,2,813
49728,3,392
49728,4,290
49728,5,1132
49877,4,231
49877,5,227
50385,2,382
50385,3,472
50385,4,499
50385,5,476
50466,1,484
50466,2,191
50466,3,1044
50466,4,523
50466,5,712
51666,2,215
51666,3,450
51666,4,402
51671,1,27
51671,2,236
51671,3,395
51671,4,23
51671,5,471
51893,1,609
51893,2,544
51893,3,883
51893,4,1024
51893,5,783
52507,2,394
52507,3,245
53843,1,1068
53843,2,229
53843,3,387
53843,4,1058
53843,5,356
53951,5,628
54015,1,609
54015,2,375
54015,3,1309
54015,4,1003
54015,5,1200
54123,1,1058
54123,2,1224
54123,3,279
54123,4,30
54123,5,87
54246,1,156
54246,3,121
54246,5,50
55172,1,294
55172,2,558
55172,3,277
55172,5,851
55279,1,443
55279,2,177
55279,3,325
55279,4,348
55689,1,320
55689,2,413
55689,3,216
55689,4,341
55689,5,396
55875,1,258
55875,2,495
55875,3,443
55875,4,1251
55875,5,551
57445,1,220
57445,2,148
57445,4,411
57445,5,114
58145,1,837
58145,2,860
58145,3,630
58145,4,679
58145,5,859
58513,2,36
58534,1,671
58534,2,1034
58534,3,467
58534,4,433
58534,5,1223
58659,5,68
58740,1,86
58740,2,136
58740,3,99
58918,2,55
59347,1,545
59347,2,697
59347,3,1423
59347,4,1498
59347,5,426
59398,1,717
59398,2,964
59398,3,1547
59398,4,396
59398,5,730
60248,2,115
60248,5,114
60361,1,842
60361,2,990
60361,3,241
60361,4,890
60361,5,1754
60525,1,988
60525,2,686
60525,3,238
60525,4,618
60525,5,443
61384,1,982
61384,2,450
61384,3,769
61384,4,1272
61384,5,938
62449,1,556
62449,2,575
62449,3,244
62449,4,691
62449,5,453
62775,1,631
62775,2,1347
62775,3,457
62775,4,313
62775,5,558
64060,1,458
64060,2,1243
64060,3,382
64060,4,581
64060,5,781
64099,1,935
64099,2,375
64099,3,702
64099,4,781
64099,5,74
66434,2,175
66434,4,470
66434,5,297
67190,1,620
67190,2,623
67190,3,1359
67190,4,260
67190,5,1241
67673,2,25
67673,3,394
68340,1,297
68340,2,185
68340,3,1306
68340,4,395
68340,5,544
68920,2,412
68920,3,288
68920,5,145
69440,1,601
69440,2,147
69440,3,120
69440,5,365
69896,1,569
69896,2,1012
69896,3,737
69896,4,412
69896,5,872
70121,2,709
70121,4,66
70238,1,460
70238,2,467
70238,3,527
70238,4,256
70238,5,697
70302,1,129
70302,5,257
70567,1,393
70567,2,556
70567,3,733
70567,4,898
70567,5,839
71109,1,717
71109,2,1572
71109,3,549
71109,4,555
71109,5,974
71250,1,181
71250,3,66
71250,4,55
71638,1,417
71638,2,452
71638,3,570
71638,4,859
71638,5,711
72255,4,98
72255,5,479
73051,1,615
73051,2,943
73051,3,721
73051,4,1081
73051,5,1052
73223,1,220
73223,2,1762
73223,3,1706
73223,4,478
73223,5,1236
73897,1,993
73897,2,747
73897,3,471
73897,4,659
73897,5,1166
75133,1,310
75133,2,218
75133,3,1565
75133,4,910
75133,5,487
75254,1,1370
75254,2,1614
75254,3,789
75254,4,549
75254,5,312
76666,1,276
76666,2,1217
76666,3,935
76666,4,1301
76666,5,1033
77101,1,911
77101,2,622
77101,3,749
77101,4,768
77101,5,786
77137,2,176
77137,3,32
77137,5,173
77872,1,48
77872,2,80
79441,5,114
79823,1,347
79823,2,488
79823,3,570
79823,4,326
79823,5,629
81678,1,929
81678,2,983
81678,3,564
81678,4,957
81678,5,328
81918,1,639
81918,2,1114
81918,3,281
81918,4,746
81918,5,1125
82551,1,268
82551,2,619
82551,3,465
82551,4,837
82551,5,343
82624,1,181
82624,2,38
82624,3,385
82624,4,256
82624,5,321
82782,1,1665
82782,2,754
82782,3,415
82782,5,875
82832,1,564
82832,2,251
82832,3,213
82832,4,709
82832,5,172
85129,1,229
85129,3,72
85129,4,819
85129,5,516
86279,1,782
86279,2,56
86279,3,194
86279,4,888
86279,5,328
86394,1,638
86394,2,1112
86394,3,1679
86394,4,702
86394,5,688
86828,1,682
86828,2,676
86828,3,836
86828,4,1538
86828,5,692
86903,1,478
86903,2,925
86903,3,231
86903,4,650
86903,5,837
87127,3,51
87127,4,299
87127,5,147
87319,1,323
87319,2,763
87319,3,783
87319,4,607
87319,5,257
87349,1,791
87349,2,1231
87349,3,1122
87349,4,705
87349,5,846
88555,1,331
88555,2,273
88555,3,443
88555,4,331
88555,5,854
90376,1,337
90376,2,502
90376,3,700
90376,4,228
90376,5,1075
91044,1,618
91044,2,1401
91044,3,1082
91044,4,179
91044,5,1085
91274,1,526
91274,2,339
91274,3,771
91274,4,758
91274,5,605
91857,1,852
91857,2,230
91857,3,690
91857,4,447
91857,5,729
93467,1,529
93467,2,495
93467,3,967
93467,4,572
93467,5,44
93536,1,650
93536,2,634
93536,3,934
93536,4,847
93536,5,491
93640,1,144
94105,1,144
94105,2,34
94105,3,35
94105,4,86
94105,5,132
94392,1,1006
94392,2,399
94392,3,264
94392,4,310
94392,5,623
94480,1,278
94480,2,586
94480,3,642
94480,4,981
94480,5,966
94597,1,1186
94597,2,520
94597,3,644
94597,4,686
94597,5,387
94715,1,69
94715,2,129
94715,3,282
94715,4,826
94715,5,661
94774,1,534
94774,2,217
94774,3,732
94774,4,1751
94774,5,870
94928,1,279
94928,2,313
94928,3,706
94928,4,424
94928,5,713
95296,1,75
95296,2,309
95296,3,956
95296,4,655
95296,5,246
95547,1,122
95547,2,319
95547,3,650
95547,4,1086
95547,5,694
96175,1,535
96175,2,556
96175,3,346
96175,4,687
96175,5,1756
98178,1,1050
98178,2,906
98178,3,601
98178,4,1913
98178,5,762
98912,1,585
98912,2,31
98912,3,1098
98912,4,269
98912,5,927
99358,1,679
99358,2,616
99358,3,940
99358,4,360
99358,5,571
99862,1,283
99862,2,128
99862,3,200
99862,4,726
99862,5,95
100531,2,443
100531,3,248
100762,1,403
100762,2,676
100762,4,831
100762,5,357
101972,1,683
101972,2,150
101972,3,531
101972,4,1222
101972,5,586
103327,3,296
103327,4,317
103327,5,298
103517,1,866
103517,2,245
103517,3,412
103517,4,617
103517,5,229
103678,1,349
103678,2,373
103678,3,505
103678,4,257
103678,5,379
104062,1,975
104062,2,413
104062,3,616
104062,4,955
104062,5,1525
104287,1,376
104287,2,762
104287,3,284
104287,4,656
104287,5,762
104717,1,825
104717,2,687
104717,3,463
104717,4,1371
104717,5,34
104794,1,565
104794,2,1014
104794,3,429
104794,4,1100
104794,5,1131
104934,1,83
104934,2,799
104934,3,491
104934,4,872
104934,5,620
105247,1,126
105247,2,578
105247,3,835
105247,4,512
105247,5,154
107023,1,408
107023,2,560
107023,3,1386
107023,4,800
107023,5,409
107095,1,366
107095,2,299
107095,3,286
107095,4,614
107095,5,360
107111,1,723
107111,2,1119
107111,3,374
107111,4,364
107111,5,744
107699,3,125
107699,5,223
108121,1,225
108121,2,292
108121,3,227
108121,4,440
108121,5,277
108454,3,117
108454,4,108
108454,5,381
109033,1,956
109033,2,195
109033,3,406
109033,4,694
109033,5,673
109156,1,418
109156,2,1013
109156,3,1371
109156,4,992
109156,5,1093
110021,3,454
110021,4,166
110021,5,197
110114,1,565
110114,2,288
110114,3,204
110114,4,409
110114,5,45
110729,1,570
110729,2,722
110729,3,845
110729,4,408
110729,5,1055
112578,2,253
112578,4,240
113323,1,570
113323,2,204
113323,3,69
113323,4,40
113323,5,392
113546,1,337
113546,2,256
113546,3,234
113546,4,199
113546,5,234
113820,1,194
113820,2,431
113820,3,720
113820,4,82
113820,5,203
113938,1,366
113938,2,414
113938,3,208
113938,4,237
113938,5,574
114057,1,966
114057,2,1428
114057,3,700
114057,4,887
114057,5,910
114068,1,1422
114068,2,604
114068,3,411
114068,4,1150
114068,5,912
114118,1,884
114118,2,119
114118,4,233
114228,1,554
114228,2,1266
114228,3,1054
114228,4,461
114228,5,579
114559,4,29
114598,1,760
114598,2,98
114598,3,692
114598,4,1012
114598,5,585
115832,2,374
115832,4,260
115832,5,498
118012,1,226
118012,2,47
118012,4,545
118046,1,673
118046,2,422
118046,3,337
118046,4,984
118046,5,1153
118196,1,457
118196,2,387
118196,3,112
118196,4,472
118196,5,552
118349,2,200
118349,3,371
118349,4,473
118349,5,230
118621,1,577
118621,2,293
118621,3,678
118621,4,236
118948,1,145
118948,3,173
118948,4,135
120156,1,644
120156,2,784
120156,3,261
120156,4,237
120156,5,642
120249,1,58
120249,2,249
120249,3,277
120249,5,352
121061,1,1102
121061,2,434
121061,3,1000
121061,4,703
121061,5,792
121161,1,770
121161,2,1051
121161,3,914
121161,4,777
121161,5,810
121876,1,577
121876,2,327
121876,3,182
121876,4,836
121876,5,554
122075,1,709
122075,2,41
122075,3,106
122075,4,133
122075,5,44
122325,5,202
122978,1,386
122978,2,452
122978,3,433
122978,4,698
122978,5,349
122991,1,273
122991,2,469
122991,3,406
122991,5,338
123509,2,171
123663,3,299
123861,1,286
123861,2,698
123861,3,434
124498,1,165
124498,2,505
124498,3,276
124498,4,370
124498,5,111
124574,1,110
124574,2,181
124574,3,159
124574,4,231
124574,5,262
125082,1,50
125082,4,212
126151,1,1063
126151,2,356
126151,3,611
126151,4,1443
126151,5,632
126154,1,96
126154,2,166
126154,5,71
126518,1,81
126518,2,448
126518,3,271
126518,4,410
126518,5,592
126641,1,201
126641,2,54
126641,3,430
126641,4,404
126641,5,705
126976,2,402
126976,3,231
127955,1,531
127955,2,980
127955,3,1369
127955,4,629
127955,5,1116
128637,1,191
128637,2,669
128637,3,572
128637,4,579
128637,5,856
129041,1,266
129041,2,367
129041,3,320
129041,5,291
129200,1,459
129200,2,1749
129200,3,589
129200,4,566
129200,5,402
130230,1,695
130230,2,487
130230,3,915
130230,4,290
130230,5,470
130372,1,1546
130372,2,388
130372,3,282
130372,4,1353
130372,5,1343
130688,2,343
130688,3,247
130688,4,506
130688,5,49
132248,1,627
132248,2,689
132248,3,1498
132248,4,431
132248,5,1172
132508,1,477
132508,2,853
132508,3,103
132508,4,625
132508,5,329
133266,1,791
133266,2,453
133266,3,1458
133266,4,467
133266,5,137
133600,1,1157
133600,2,231
133600,3,426
133600,4,666
133600,5,177
134489,1,330
134489,2,103
134489,3,247
134489,4,362
135001,1,1010
135001,2,1295
135001,3,911
135001,4,783
135001,5,1007
135165,1,813
135165,2,81
135165,3,201
135165,4,183
135165,5,159
136089,1,85
136089,2,291
136089,3,93
136089,4,260
136089,5,199
136252,1,36
136252,4,169
137030,1,670
137030,2,45
137030,3,473
137030,4,333
137030,5,53
137205,1,414
137205,2,209
137205,3,740
137205,4,53
137205,5,264
137641,1,1407
137641,2,639
137641,3,1021
137641,4,982
137641,5,391
137930,1,792
137930,2,1217
137930,3,1033
137930,4,545
137930,5,880
138475,2,187
138475,3,557
138475,4,283
138475,5,167
139137,1,293
139137,2,935
139137,3,997
139137,4,291
139137,5,22
139345,1,667
139345,2,808
139345,3,476
139345,4,721
139345,5,201
140269,1,482
140269,2,1168
140269,3,990
140269,4,532
140269,5,879
140448,1,817
140448,2,1223
140448,3,269
140448,4,647
140448,5,559
141666,1,480
141666,2,400
141666,3,832
141666,4,279
141666,5,833
141673,1,232
141673,2,276
141673,4,279
141673,5,169
142645,2,203
142645,4,300
142645,5,258
142732,1,144
142732,2,271
142732,4,73
142732,5,370
143512,1,310
143512,2,315
143512,3,131
143512,4,33
143512,5,281
145250,2,407
145250,3,547
145250,4,102
145250,5,462
145435,1,910
145435,2,655
145435,3,1108
145435,4,902
145435,5,795
148101,1,835
148101,2,1096
148101,3,394
148101,4,357
148101,5,1285
149263,1,856
149263,2,733
149263,3,377
149263,4,329
149263,5,801
149840,1,358
149840,2,1584
149840,3,617
149840,4,488
149840,5,463
150222,1,113
150222,3,80
150222,4,277
150222,5,253
150758,1,490
150758,2,362
150758,3,113
150758,4,319
150758,5,344
152144,1,203
152144,2,906
152144,3,775
152144,4,260
152144,5,538
152340,1,646
152340,2,1690
152340,3,1098
152340,4,295
152340,5,407
152435,1,1179
152435,2,745
152435,3,316
152435,4,303
152435,5,961
152515,1,793
152515,2,853
152515,3,1483
152515,4,1232
152515,5,756
152542,1,822
152542,2,413
152542,3,1390
152542,4,789
152542,5,560
152734,2,203
152734,3,301
152734,5,135
152852,3,181
152852,4,331
152852,5,508
152881,1,709
152881,2,483
152881,3,568
152881,4,325
152881,5,514
153974,1,126
153974,2,489
153974,3,23
153974,4,292
154010,1,824
154010,2,586
154010,3,759
154010,4,412
154010,5,600
154378,1,405
154378,2,211
154378,3,287
154378,4,397
154657,1,449
154657,2,1300
154657,3,478
154657,4,1638
154657,5,832
154922,1,1465
154922,2,734
154922,3,212
154922,4,930
154922,5,1176
154940,2,363
154940,4,206
154940,5,133
155400,2,1201
155400,3,558
155400,4,159
155400,5,618
155741,3,201
155741,4,466
155741,5,261
156704,2,60
156780,1,88
156780,2,1037
156780,4,731
156780,5,358
156816,1,260
156816,2,716
156816,3,104
156816,4,595
156816,5,612
157962,1,268
157962,2,619
157962,3,1017
157962,4,480
157962,5,428
158357,2,664
158357,3,144
158357,5,391
158598,1,286
158598,2,992
158598,3,424
158598,4,383
158598,5,555
159015,1,543
159015,2,1790
159015,3,1281
159015,4,503
159015,5,710
159323,1,480
159323,2,950
159323,3,750
159323,4,1032
159323,5,864
159821,1,313
159821,2,1153
159821,3,757
159821,4,732
159821,5,467
159957,1,190
159957,2,102
159957,3,1514
159957,4,1184
159957,5,1013
160248,1,1027
160248,2,808
160248,3,366
160248,4,817
160248,5,1084
160268,1,351
160268,2,578
160268,3,534
160268,4,705
160268,5,553
161043,1,1103
161043,2,1331
161043,3,291
161043,4,1001
161043,5,277
161301,1,474
161301,2,323
161301,3,239
161301,4,362
161301,5,517
161477,1,348
161477,2,488
161477,3,451
161477,4,1162
161477,5,206
161771,1,300
161771,2,447
161771,3,1143
161771,4,619
161771,5,1023
162779,1,1775
162779,2,649
162779,3,619
162779,4,430
162779,5,1164
163151,1,37
163151,2,405
163151,3,465
163151,4,700
163151,5,423
164094,1,666
164094,2,176
164094,3,1239
164094,4,488
164094,5,270
164733,1,308
164733,2,570
164733,3,243
164733,4,270
164733,5,548
164786,1,991
164786,2,156
164786,3,497
164786,4,331
167660,2,224
167839,1,95
167839,2,884
167839,5,741
168904,4,291
170092,1,137
170092,3,207
170343,2,532
170343,3,550
170343,4,153
170343,5,650
170623,1,42
170623,2,749
170623,3,390
170623,4,658
170623,5,1196
170650,1,896
170650,2,347
170650,3,1036
170650,4,1176
170650,5,536
171636,1,610
171636,2,1298
171636,3,1341
171636,4,284
171636,5,1119
172065,1,407
172065,2,384
172065,3,259
172079,1,846
172079,2,333
172079,3,397
172079,4,62
172079,5,1000
172314,1,298
172314,4,136
173076,1,293
173076,2,451
173076,3,458
173076,4,196
173076,5,324
174399,1,609
174399,2,719
174399,3,771
174399,4,299
174399,5,603
174467,1,794
174467,2,1203
174467,3,1289
174467,4,372
174467,5,1812
175657,1,291
175657,4,341
175657,5,525
175666,1,357
175666,2,824
175666,3,458
175666,4,728
175666,5,1028
176735,1,462
176735,2,795
176735,3,213
176735,5,423
178278,2,113
178278,3,388
178278,4,145
178278,5,56
178581,5,236
178624,1,704
178624,2,423
178624,3,803
178624,4,743
178624,5,548
179205,1,615
179205,2,1319
179205,3,1117
179205,4,1094
179205,5,362
179751,1,117
179751,2,239
179751,3,30
179751,4,62
179751,5,550
180280,3,261
180659,1,930
180659,2,1280
180659,3,963
180659,4,643
180659,5,736
181304,1,430
181304,2,695
181304,3,438
181304,4,616
181304,5,605
181471,4,263
181752,1,833
181752,2,643
181752,3,1040
181752,4,739
181752,5,1107
181989,1,830
181989,2,730
181989,3,841
181989,4,756
181989,5,967
183015,1,1277
183015,2,594
183015,3,86
183015,4,319
183015,5,268
183798,1,579
183798,2,902
183798,3,1392
183798,4,385
183798,5,1503
184022,1,450
184022,3,198
184022,4,86
184533,1,432
184533,2,435
184533,3,369
184533,4,1199
184533,5,1380
185022,1,949
185022,2,546
185022,3,1047
185022,4,908
185022,5,543
185547,1,744
185547,2,894
185547,3,493
185547,4,524
185547,5,320
185834,1,996
185834,2,347
185834,3,494
185834,5,867
185915,1,765
185915,2,642
185915,4,582
185915,5,309
186580,1,1060
186580,2,523
186580,3,1278
186580,4,342
186580,5,1114
186933,1,196
186933,2,266
186933,3,186
186933,5,192
187334,1,579
187334,2,950
187334,3,822
188115,1,118
188115,2,539
188115,3,702
188115,4,668
188115,5,371
188808,1,389
188808,2,372
188808,3,140
188808,4,490
188808,5,410
189183,1,288
189183,5,325
189505,4,84
189650,5,230
190583,1,1103
190583,2,852
190583,3,599
190583,4,732
190583,5,964
190884,1,523
190884,2,415
190884,3,171
190884,4,989
190884,5,453
191881,1,624
191881,2,630
191881,3,531
191881,4,243
191881,5,425
192065,2,339
192065,3,441
192256,2,364
192256,3,358
192256,5,248
195303,2,185
195734,1,226
195734,2,698
195734,3,274
195734,4,309
195734,5,207
195763,1,197
195949,2,112
195949,4,154
195949,5,173
196295,1,101
196295,2,471
196295,3,510
196295,4,56
196295,5,570
196350,1,831
196350,2,240
196350,3,744
196350,4,769
196350,5,426
197201,1,1346
197201,2,823
197201,3,1064
197201,4,158
197201,5,1288
197243,1,449
197243,2,916
197243,3,1238
197243,4,811
197243,5,887
197773,1,159
197773,2,426
197773,3,564
197773,5,325
198344,1,456
198344,2,709
198344,3,20
198344,4,134
198803,1,546
198803,2,266
198803,3,482
198803,4,1021
198803,5,98
199356,1,741
199356,2,858
199356,3,658
199356,4,905
199356,5,1253
199805,1,813
199805,2,74
199805,3,446
199805,4,455
199805,5,510
200382,1,783
200382,2,1137
200382,3,1567
200382,4,558
200382,5,203
200547,1,748
200547,2,161
200547,3,512
200547,4,773
200547,5,415
202056,1,1074
202056,2,760
202056,3,981
202056,4,403
202056,5,465
202791,1,519
202791,2,691
202791,3,1166
202791,4,640
202791,5,1278
202854,2,502
202854,3,42
202854,4,147
204299,1,103
204299,2,281
204299,3,584
204299,4,396
204299,5,590
205164,1,166
205862,3,198
205862,4,110
205862,5,204
206031,1,720
206031,2,216
206031,3,1458
206031,4,977
206031,5,916
206104,1,208
206104,4,349
206104,5,1373
207119,1,182
207119,3,40
208026,1,730
208026,2,1251
208026,3,634
208026,4,1161
208026,5,710
208382,1,93
208382,3,194
208382,4,24
208382,5,137
209567,1,1543
209567,2,582
209567,3,904
209567,4,1274
209567,5,921
210838,1,322
210838,2,2288
210838,3,649
210838,4,922
210838,5,884
213462,1,748
213462,2,792
213462,3,1046
213462,4,841
213462,5,887
213796,1,212
213796,5,547
214786,1,124
214786,2,404
214786,3,778
214786,4,303
214786,5,418
215217,5,298
216879,1,285
216879,2,78
216879,3,493
216879,4,188
216879,5,143
218135,1,997
218135,2,526
218135,3,788
218135,4,451
218135,5,386
219689,1,1038
219689,2,1180
219689,3,1381
219689,4,29
219689,5,571
221918,1,1317
221918,2,731
221918,3,573
221918,4,520
221918,5,974
222572,1,942
222572,2,300
222572,3,793
222572,4,979
222572,5,405
222926,1,1015
222926,2,1018
222926,3,335
222926,4,396
222926,5,998
222950,2,599
222950,3,501
222950,4,727
222950,5,38
223718,1,284
223718,2,123
223718,3,265
223718,4,554
223718,5,355
224765,1,666
224765,2,894
224765,3,881
224765,4,1003
224765,5,1607
225361,1,161
225361,2,714
225361,3,1009
225361,4,745
225361,5,847
225597,1,859
225597,2,899
225597,3,438
225597,4,581
225597,5,223
226434,1,516
226434,2,1052
226434,3,1392
226434,4,516
226434,5,652
227099,1,1101
227099,2,384
227099,3,396
227099,4,640
227099,5,610
227411,1,192
227411,2,533
227411,3,1056
227411,4,863
227411,5,955
228348,1,821
228348,2,972
228348,3,647
228348,4,401
228348,5,795
228709,1,1184
228709,2,576
228709,3,1301
228709,4,808
228709,5,265
229717,1,168
229717,2,423
229717,3,518
229717,4,163
229717,5,150
230009,4,165
230009,5,36
230298,1,54
230298,2,772
230298,3,281
230298,4,815
230298,5,1421
230566,1,761
230566,2,510
230566,3,987
230566,4,562
230566,5,74
230944,2,456
230944,3,534
230944,4,360
230965,1,516
230965,2,824
230965,3,258
230965,4,1149
230965,5,597
232258,1,536
232258,2,211
232258,3,825
232258,4,729
232258,5,374
232755,1,1297
232755,2,133
232755,3,588
232755,4,790
232755,5,1446
233725,1,223
233725,2,496
233725,3,531
233725,4,599
233725,5,831
234198,1,429
234198,2,442
234198,3,27
234198,4,591
234198,5,110
235360,1,697
235360,2,667
235360,3,609
235360,4,529
235360,5,532
235503,1,1008
235503,2,526
235503,3,510
235503,4,139
235503,5,378
235822,5,50
235906,3,244
235906,5,87
236478,1,27
236478,2,48
236478,4,187
236478,5,223
236917,1,461
236917,2,499
236917,4,341
236917,5,584
237458,1,259
237458,2,186
237458,3,263
237458,4,412
237458,5,307
237541,1,822
237541,2,253
237541,3,524
237541,4,105
237541,5,486
237697,1,856
237697,3,251
237697,4,431
237697,5,343
238111,1,649
238111,2,791
238111,3,334
238111,4,785
238111,5,267
238269,1,423
238269,2,922
238269,3,419
238269,4,1193
238269,5,1569
239539,1,461
239539,2,282
239539,3,121
239539,4,179
239539,5,273
240267,1,372
240267,3,550
240267,4,683
240267,5,133
240464,1,612
240464,2,1169
240464,3,505
240464,4,770
240464,5,1048
240481,1,386
240481,2,220
240481,3,525
240481,4,562
240481,5,421
240881,1,210
240881,2,228
240881,3,793
240881,4,252
241225,1,898
241225,2,951
241225,3,983
241225,4,201
241225,5,132
241252,1,349
241252,2,1382
241252,3,707
241252,4,1306
241252,5,272
241308,1,1196
241308,2,1027
241308,3,246
241308,4,479
241308,5,815
247195,1,288
247195,4,291
247195,5,601
248288,1,646
248288,2,969
248288,3,281
248288,4,1012
248288,5,120
248451,1,1311
248451,2,443
248451,3,980
248451,4,630
248451,5,1061
248469,2,589
248469,3,355
248469,4,394
248469,5,1393
248673,1,553
248673,2,448
248673,3,1087
248673,4,697
248673,5,692
249030,1,32
249030,2,226
249030,3,415
249030,4,255
249030,5,532
249065,4,561
249093,1,931
249093,2,192
249093,3,387
249093,5,587
249096,1,63
249096,2,156
249096,3,167
249096,4,423
249096,5,787
249362,1,1340
249362,2,289
249362,3,290
249362,4,658
249362,5,1148
249514,1,1123
249514,2,1061
249514,3,933
249514,4,619
251843,1,1083
251843,2,142
251843,3,867
251843,4,339
251843,5,857
252489,1,901
252489,2,385
252489,3,783
252489,4,1186
252489,5,347
252512,1,57
252512,3,56
252512,4,245
252512,5,189
253474,1,877
253474,2,735
253474,3,1043
253474,4,560
253474,5,466
253649,1,703
253649,3,146
253649,4,423
255255,1,623
255255,4,139
255379,1,1282
255379,2,293
255379,3,532
255379,4,980
255379,5,534
256616,1,460
256616,2,393
256616,3,238
256616,4,635
256616,5,973
257008,1,984
257008,2,373
257008,3,779
257008,4,1428
257008,5,882
257646,1,139
257646,2,757
257646,3,150
257646,4,570
257646,5,535
260136,1,384
260136,2,645
260136,3,191
260136,4,213
260136,5,582
260146,1,26
260146,3,376
260146,4,205
260146,5,68
260543,1,478
260543,2,978
260543,3,909
260543,4,852
260543,5,284
261141,1,830
261141,2,1491
261141,3,640
261141,4,386
261141,5,1072
261212,1,683
261212,2,193
261212,3,466
261212,4,125
261212,5,294
261688,1,696
261688,2,131
261688,3,1105
261688,4,501
261688,5,768
261704,1,325
261704,5,254
261956,1,1240
261956,2,881
261956,3,1101
261956,4,1267
261956,5,1107
262287,1,471
262287,2,427
262287,3,491
262287,4,647
262287,5,484
262801,1,292
262801,3,127
262801,4,185
263190,1,549
263190,2,650
263190,3,1272
263190,4,260
263190,5,2032
263251,1,340
263251,2,1755
263251,3,840
263251,4,214
263251,5,570
263521,1,1491
263521,2,185
263521,3,1093
263521,4,447
263521,5,890
264055,2,687
264055,4,78
264055,5,586
264428,1,158
264428,2,24
264428,3,69
264428,4,653
264451,1,339
264451,2,707
264451,3,704
264451,4,304
264451,5,158
265080,1,501
265080,2,377
265080,3,460
265080,5,606
265361,1,509
265361,2,809
265361,3,748
265361,4,709
265361,5,1297
265704,1,799
265704,2,629
265704,3,55
265704,5,706
265970,1,157
265970,2,387
265970,3,343
265970,4,863
265970,5,647
266150,1,1268
266150,2,1565
266150,3,1233
266150,4,945
266150,5,59
266304,4,248
266304,5,158
266391,1,1006
266391,2,88
266391,3,987
266391,4,475
266391,5,581
266415,1,319
266415,2,503
266415,3,409
266415,4,417
266415,5,985
266548,1,48
266548,2,406
266548,3,295
266548,4,379
266548,5,70
267467,1,375
267467,2,1008
267467,3,1067
267467,4,548
267467,5,508
267488,1,419
267488,2,893
267488,3,494
267488,4,434
267488,5,1007
268051,1,196
268051,2,766
268051,3,604
268051,4,218
268051,5,315
268577,1,103
268577,2,276
268577,3,257
268577,4,775
268577,5,303
269024,1,375
269024,3,688
269024,4,214
269024,5,252
269201,1,707
269201,2,1246
269201,3,968
269201,4,1073
269201,5,1054
269629,3,305
269629,5,220
272763,1,1159
272763,2,1549
272763,3,699
272763,4,969
272763,5,1114
272826,1,481
272826,2,333
272826,4,207
272826,5,269
275107,1,852
275107,2,615
275107,3,1532
275107,4,620
275107,5,344
276515,3,48
276515,4,104
276536,1,189
276536,2,201
276536,3,771
276536,4,316
276536,5,336
276546,1,636
276546,3,109
276546,4,448
276546,5,486
276898,1,322
276898,2,228
276898,3,487
276898,4,212
276898,5,670
277066,1,913
277066,2,961
277066,3,766
277066,4,216
277066,5,500
277904,1,135
277904,2,53
277904,3,212
277904,4,299
277904,5,584
277984,1,212
277984,3,219
277984,5,68
278410,1,1487
278410,2,1352
278410,3,711
278410,4,624
278410,5,232
279794,1,566
279794,2,298
279794,3,201
279794,4,48
279794,5,264
279957,2,402
279957,3,162
279957,4,158
279957,5,351
279975,1,212
279975,2,528
279975,3,568
279975,4,100
279975,5,756
280139,1,689
280139,2,930
280139,3,908
280139,4,900
280139,5,1021
280549,1,389
280549,2,918
280549,3,726
280549,4,288
280549,5,171
282213,1,292
282213,3,261
282213,4,910
282213,5,654
282661,1,884
282661,2,283
282661,3,186
282661,4,1030
282661,5,281
282991,1,177
282991,2,65
282991,3,249
282991,5,45
283286,1,676
283286,2,676
283286,3,711
283286,4,537
283286,5,244
283320,1,538
283320,2,734
283320,3,154
283320,4,1562
283320,5,172
283739,1,69
283739,2,269
283739,3,207
283739,4,413
283739,5,404
284561,4,169
284561,5,79
285720,1,440
285720,2,1289
285720,3,443
285720,4,714
285720,5,1561
285968,1,298
285968,2,960
285968,3,308
285968,4,231
286194,1,129
286194,2,215
286494,1,80
286494,2,438
286494,3,163
286494,4,112
286494,5,46
287723,2,273
287818,1,1314
287818,2,1437
287818,3,908
287818,4,781
287818,5,897
288050,1,1065
288050,2,345
288050,3,1368
288050,4,1195
288050,5,676
288192,2,100
288192,3,288
288192,5,51
289152,1,508
289152,2,498
289152,3,1158
289152,4,598
289152,5,467
289322,1,1188
289322,2,340
289322,3,687
289322,5,393
289774,1,100
289774,2,79
289774,3,349
289774,4,497
289774,5,75
289831,1,378
289831,2,577
289831,3,1464
289831,4,684
289831,5,573
289852,1,547
289852,2,1139
289852,3,1286
289852,4,1060
289852,5,580
290418,1,1456
290418,2,667
290418,3,686
290418,4,1669
290418,5,574
290761,1,204
290761,2,66
290761,3,55
290761,5,37
292080,1,541
292080,2,697
292080,3,567
292080,4,768
292080,5,517
292187,1,922
292187,2,833
292187,3,1065
292187,4,592
292187,5,757
292229,2,137
292229,3,27
292229,4,421
292229,5,158
292289,2,382
292289,3,128
292289,5,242
292372,1,379
292372,2,467
292372,3,220
292372,4,135
292372,5,442
292499,1,490
292499,2,1338
292499,3,835
292499,4,1088
292499,5,849
293118,1,123
293118,2,33
293118,4,256
294309,1,858
294309,3,811
294309,4,199
294309,5,566
294568,1,581
294568,2,1253
294568,3,1430
294568,4,744
294568,5,567
294613,1,810
294613,2,90
294613,3,954
294613,4,815
294613,5,304
294973,1,820
294973,2,1022
294973,3,653
294973,4,868
294973,5,446
295800,1,155
295800,2,1232
295800,4,1518
295800,5,1080
296542,1,366
296542,2,395
296542,3,388
296542,4,211
296542,5,174
297078,1,389
297078,2,203
297078,3,526
297078,4,652
297078,5,701
298981,1,397
298981,2,716
298981,3,442
298981,4,537
298981,5,1066
299124,1,286
299124,2,853
299124,3,493
299124,4,143
299124,5,287
299827,1,345
299827,2,923
299827,3,118
299827,4,508
299827,5,1118
301511,1,147
301511,3,441
301511,4,169
301511,5,740
301754,1,280
301754,2,205
301754,3,480
301754,4,179
301906,1,443
301906,2,150
301906,3,665
301906,4,224
301906,5,363
301978,1,148
301978,2,530
301978,4,443
301978,5,685
302356,1,499
302356,2,782
302356,3,953
302356,4,528
302356,5,523
303603,1,416
303603,2,644
303603,3,341
303603,4,326
303603,5,531
304016,1,204
304016,2,685
304016,3,40
304016,4,186
304016,5,285
304372,1,1337
304372,2,837
304372,3,238
304372,4,1063
304372,5,837
305074,1,246
305074,2,955
305074,3,388
305074,4,522
305074,5,120
306227,1,755
306227,2,856
306227,3,224
306227,4,418
306227,5,588
306341,1,203
306341,3,124
306341,4,253
306341,5,43
306568,1,1317
306568,2,967
306568,3,866
306568,4,908
306568,5,772
306686,1,209
306686,2,332
306686,3,296
306686,4,220
306686,5,364
307666,1,296
307666,2,102
307666,3,229
307666,4,262
307666,5,603
309441,1,973
309441,2,604
309441,3,419
309441,4,817
309441,5,1388
310762,1,450
310762,3,623
310762,4,192
310762,5,296
310891,3,31
310891,4,539
310891,5,904
311631,1,943
311631,2,415
311631,3,625
311631,4,822
311631,5,1104
312428,1,93
312428,3,183
312428,4,243
312428,5,526
312648,1,387
312648,2,1065
312648,3,455
312648,4,713
312648,5,989
313786,1,912
313786,2,426
313786,3,427
313786,4,922
313786,5,511
313974,1,698
313974,2,512
313974,3,633
313974,4,599
313974,5,580
314000,1,905
314000,2,379
314000,3,473
314000,4,292
314000,5,1020
314360,1,376
314360,2,421
314360,3,554
314360,4,416
314360,5,1051
314764,1,1441
314764,2,1153
314764,3,781
314764,4,980
314764,5,465
314848,1,1062
314848,2,524
314848,3,628
314848,4,916
314848,5,495
316077,2,238
316077,4,282
316077,5,700
316756,1,312
316756,2,673
316756,3,342
316756,4,965
316756,5,244
317586,2,120
317586,4,198
319896,1,604
319896,2,603
319896,3,686
319896,4,775
319896,5,203
320579,1,1002
320579,2,581
320579,3,213
320579,4,217
320579,5,273
321175,1,140
321175,2,728
321175,3,60
321175,4,94
321175,5,652
321780,1,431
321780,2,406
322689,1,1183
322689,2,1361
322689,3,533
322689,4,597
322689,5,892
324173,1,427
324173,3,782
324173,4,241
324173,5,736
324899,1,886
324899,2,726
324899,3,672
324899,4,338
327046,1,747
327046,2,34
327046,3,560
327046,4,181
327046,5,687
327078,1,648
327078,2,897
327078,3,803
327078,4,1192
327078,5,501
327500,2,119
327500,3,464
327500,5,342
327670,1,508
327670,2,348
327670,3,1090
327670,4,158
327670,5,214
327756,1,609
327756,2,200
327756,3,354
327756,4,64
328042,1,348
328042,2,160
328042,3,825
328042,4,489
328936,1,686
328936,3,479
328936,4,267
328936,5,43
330462,1,891
330462,2,572
330462,3,1254
330462,4,561
330462,5,167
330900,1,183
330900,2,210
330900,3,382
331091,3,264
331091,4,80
331522,1,907
331522,2,127
331522,3,182
331522,4,37
331522,5,169
332092,1,158
332092,2,146
332092,3,50
332092,4,340
334303,1,771
334303,2,1812
334303,3,1410
334303,4,195
334303,5,334
336303,1,263
336303,2,391
336303,3,164
336303,4,174
336303,5,617
336910,1,647
336910,2,1031
336910,3,1048
336910,4,520
336910,5,1218
337108,1,433
337108,2,986
337108,3,537
337108,4,371
337108,5,311
337305,1,549
337305,2,891
337305,3,963
337305,4,547
337305,5,1083
337498,1,431
337498,2,1110
337498,3,738
337498,4,1227
337498,5,174
338061,2,657
338061,3,384
338061,4,87
338061,5,290
338878,1,458
338878,2,570
338878,3,106
338878,4,564
338878,5,166
339001,1,902
339001,2,176
339001,3,842
339001,4,930
339001,5,566
339568,3,166
339568,5,524
341571,1,555
341571,2,1164
341571,3,823
341571,4,266
341571,5,1287
341719,1,739
341719,2,1336
341719,3,405
341719,4,562
341719,5,631
342942,1,587
342942,2,800
342942,3,41
342942,4,241
343039,3,291
343039,4,484
343039,5,410
343159,1,729
343159,2,88
343159,3,195
343159,4,221
343159,5,490
344286,1,1568
344286,2,288
344286,3,718
344286,4,588
344286,5,855
344570,2,264
344570,3,54
344570,4,455
344570,5,100
345816,1,406
345816,2,1153
345816,3,934
345816,4,695
345816,5,842
345852,1,428
345852,3,54
345852,4,1221
345852,5,738
345862,1,975
345862,2,463
345862,3,393
345862,4,304
345862,5,83
346087,1,1035
346087,2,486
346087,3,913
346087,4,804
346087,5,792
346793,1,928
346793,2,587
346793,3,767
346793,4,650
346793,5,394
346884,1,578
346884,2,27
346884,3,1005
346884,4,94
347345,1,619
347345,2,1015
347345,3,1199
347345,4,608
347345,5,783
347440,1,408
347440,2,154
347440,3,797
347440,4,449
347440,5,946
347538,1,1062
347538,2,87
347538,3,964
347538,4,1441
347538,5,507
348279,1,845
348279,2,20
348279,3,1119
348279,4,1416
348279,5,901
349225,1,625
349225,2,1019
349225,3,895
349225,4,1316
349225,5,914
349371,1,704
349371,2,665
349371,3,431
349371,4,802
349371,5,594
350950,1,1256
350950,2,270
350950,3,515
350950,5,492
351035,1,384
351035,2,402
351035,3,608
351035,4,202
351035,5,443
352346,1,839
352346,2,500
352346,3,1185
352346,4,383
352346,5,840
352649,1,477
352649,3,81
352649,4,130
352649,5,121
353366,4,270
353851,1,64
353851,2,628
353851,4,138
353851,5,300
354082,1,113
354082,2,693
354082,3,1495
354082,4,858
354082,5,1145
354612,2,289
354612,3,399
354612,4,346
354612,5,400
354624,3,136
354624,4,586
354624,5,208
355519,1,416
355519,2,396
355519,3,1242
355519,4,1274
355519,5,712
356436,1,223
356436,2,398
356436,3,646
356436,4,472
356436,5,744
356862,1,182
356862,2,488
356862,3,420
356862,4,350
356862,5,313
357173,1,566
357173,2,742
357173,3,419
357173,4,728
357173,5,603
357296,1,294
357296,2,927
357296,3,503
357296,5,661
357433,1,470
357433,2,604
357433,3,618
357433,4,507
357433,5,626
357633,1,1724
357633,2,334
357633,3,580
357633,4,480
357633,5,517
357773,1,1209
357773,2,1451
357773,3,292
357773,4,1141
357773,5,440
357983,1,1133
357983,2,976
357983,3,773
357983,4,622
357983,5,1239
359231,2,172
359231,4,39
359231,5,126
359266,1,961
359266,2,1541
359266,3,1349
359266,4,869
359266,5,674
359696,1,1263
359696,2,675
359696,3,704
359696,4,981
359696,5,527
360343,2,359
360343,3,89
360343,4,416
360343,5,668
360377,1,579
360377,2,839
360377,3,1382
360377,4,199
360377,5,617
360829,1,34
360829,2,731
360829,3,130
360829,4,902
360829,5,262
361481,1,873
361481,2,376
361481,3,222
361481,4,228
361481,5,945
363600,1,667
363600,2,755
363600,3,1078
363600,4,1020
363600,5,967
364232,1,550
364232,2,596
364232,3,826
364232,4,336
364232,5,1253
364305,1,1091
364305,2,40
364305,3,1323
364305,4,969
364305,5,699
364475,1,919
364475,2,46
364475,4,524
364475,5,325
364505,1,895
364505,2,390
364505,3,349
364505,4,1209
364505,5,825
365842,2,351
365842,3,726
365842,4,545
365842,5,217
366168,5,226
366211,1,197
366211,2,98
366211,3,574
366211,4,95
366211,5,559
366832,1,419
366832,2,1285
366832,3,962
366832,4,1017
366832,5,313
367204,1,486
367204,2,1076
367204,3,999
367204,4,365
367204,5,902
367262,1,605
367262,2,365
367262,4,83
367262,5,645
367286,1,117
367286,3,566
367286,4,23
367472,1,546
367472,2,683
367472,3,362
367472,4,127
367472,5,190
367571,1,837
367571,2,483
367571,3,262
367571,4,1154
367571,5,363
367589,1,204
367589,2,1438
367589,3,1111
367589,4,273
367589,5,858
368432,1,256
368432,2,654
368432,3,316
368432,4,256
368432,5,224
368673,1,186
368673,2,392
368673,3,828
368673,4,69
368673,5,1562
369317,1,548
369317,3,254
369317,4,665
369317,5,236
371078,1,1014
371078,2,238
371078,3,1130
371078,4,305
371078,5,727
372567,1,409
372567,4,38
372699,1,930
372699,2,510
372699,3,279
372699,4,463
372699,5,784
372710,1,210
372710,2,467
372710,3,142
372710,4,623
372710,5,764
373112,1,1129
373112,2,911
373112,3,1129
373112,4,268
373112,5,397
373158,1,704
373158,2,1064
373158,3,679
373158,4,1171
373158,5,885
373572,1,1465
373572,2,982
373572,3,562
373572,4,181
373572,5,1235
373878,2,370
373878,3,351
373878,4,154
373878,5,303
373977,1,24
373977,2,670
373977,3,902
373977,4,921
373977,5,1088
374212,3,481
374212,4,25
374212,5,277
374426,1,287
374426,2,639
374426,3,202
374426,4,682
374426,5,638
375190,1,559
375190,2,819
375190,3,1168
375190,5,1594
375645,1,63
375645,2,525
375645,3,246
375645,4,224
375645,5,392
376645,1,767
376645,2,194
376645,3,317
376645,4,1756
376645,5,842
376847,5,385
376970,1,729
376970,2,755
376970,3,1669
376970,4,621
376970,5,633
378555,1,166
378555,3,618
378555,5,635
378636,1,1543
378636,2,745
378636,3,467
378636,4,1007
378636,5,403
378836,1,349
378836,2,857
378836,4,974
378836,5,59
378884,1,783
378884,2,95
378884,3,207
378884,4,40
379220,1,1209
379220,2,943
379220,3,951
379220,4,1222
379220,5,811
379286,2,634
379286,3,305
379286,4,219
379286,5,439
379937,1,289
379937,2,25
379937,3,112
379937,5,44
381626,1,439
381626,2,394
381626,4,62
381626,5,61
382359,1,218
382359,2,697
382359,3,165
382359,4,1133
382359,5,1432
382583,1,1168
382583,2,218
382583,3,852
382583,5,643
382727,1,1105
382727,2,76
382727,3,674
382727,4,665
382727,5,1235
382851,1,1060
382851,2,276
382851,3,409
382851,4,260
382851,5,1216
383210,1,1081
383210,2,923
383210,3,848
383210,4,923
383210,5,1107
383261,1,69
383261,2,650
383261,3,432
383261,4,920
383261,5,755
383357,1,267
383357,2,535
383357,3,183
383357,4,211
383390,1,448
383390,2,1293
383390,3,1590
383390,4,784
383390,5,625
383449,1,893
383449,2,632
383449,3,962
383449,5,497
384536,4,242
384536,5,45
384632,1,698
384632,2,392
384632,3,971
384632,4,1401
384632,5,803
384815,1,1515
384815,2,589
384815,3,848
384815,4,509
384815,5,603
385347,1,134
385347,2,30
385347,3,164
385347,5,195
388680,1,221
388680,2,798
388680,3,255
388680,4,397
388680,5,202
388732,1,781
388732,2,320
388732,3,340
388732,4,697
388732,5,836
390081,1,547
390081,2,444
390081,3,762
390081,4,439
390081,5,497
390705,1,416
390705,2,882
390705,3,991
390705,4,1112
390705,5,343
390877,1,470
390877,2,1194
390877,3,537
390877,4,834
390877,5,449
391066,1,340
391066,2,297
391066,3,1619
391066,4,877
391066,5,1279
391080,1,223
391080,2,333
391080,4,269
391080,5,458
391328,2,208
391328,3,162
391328,4,502
391328,5,283
391341,1,1642
391341,2,597
391341,3,477
391341,4,100
391341,5,422
393018,1,690
393018,2,658
393018,3,1082
393018,4,904
393018,5,746
393168,1,1004
393168,2,572
393168,3,251
393168,5,573
394840,1,154
394840,2,768
394840,3,731
394840,4,558
394840,5,370
395771,1,1167
395771,2,688
395771,3,1453
395771,4,704
395771,5,94
395981,1,1393
395981,2,449
395981,3,1280
395981,4,629
395981,5,1036
396078,1,876
396078,2,650
396078,3,1509
396078,4,847
396078,5,237
396390,1,471
396390,2,500
396390,3,482
396390,4,145
396390,5,21
396571,1,335
396571,2,522
396571,3,650
396571,4,1387
396571,5,913
396618,1,119
396618,2,273
396618,3,86
397827,2,276
397827,3,192
397827,5,853
398612,1,1126
398612,2,495
398612,3,1149
398612,4,1160
398612,5,977
400326,1,292
400326,2,175
400326,3,209
400326,4,961
400400,1,386
400400,2,205
400400,3,881
400400,4,369
400400,5,621
400661,1,184
400661,4,145
400832,1,297
400832,2,289
400832,3,227
400832,4,242
401216,1,348
401216,2,613
401216,3,187
401216,4,673
401216,5,287
401402,1,815
401402,2,165
401402,3,668
401402,4,475
401402,5,746
401736,1,193
401736,2,370
401736,3,239
401736,4,439
402930,3,499
402930,4,94
402930,5,139
403146,1,412
403146,2,193
403146,5,251
405810,1,1191
405810,2,913
405810,3,496
405810,4,1101
405810,5,1256
405990,1,1160
405990,2,725
405990,3,210
405990,4,708
405990,5,262
406020,1,95
406020,2,180
406020,3,203
406097,1,298
406097,2,428
406097,4,85
406097,5,456
406451,1,1113
406451,2,895
406451,3,711
406451,4,307
406451,5,327
406824,2,25
406824,5,48
407742,1,145
407742,2,272
407742,4,337
407742,5,293
407894,1,337
407894,2,846
407894,3,419
407894,4,700
407894,5,412
409572,4,151
409704,1,655
409704,2,320
409704,3,649
409704,4,380
409704,5,103
410166,1,496
410166,2,605
410166,3,603
410166,4,1056
410166,5,1163
411146,1,747
411146,2,1156
411146,3,445
411146,4,513
411146,5,502
411318,1,1145
411318,2,333
411318,3,599
411318,4,1773
411318,5,1339
412285,1,510
412285,2,703
412285,3,730
412285,4,1160
412285,5,840
412541,2,251
412541,3,47
412541,4,90
413381,1,448
413381,2,609
413381,3,596
413381,4,177
413381,5,291
414825,1,489
414825,2,404
414825,3,231
414825,4,71
414825,5,273
415331,1,257
415331,2,318
415331,3,809
415331,4,575
415331,5,622
415510,1,913
415510,2,469
415510,3,355
415510,4,160
415510,5,825
416164,1,1292
416164,2,1188
416164,3,505
416164,4,603
416164,5,1095
416848,1,793
416848,2,943
416848,3,547
416848,4,1185
416848,5,1456
417223,2,151
417223,3,148
417223,4,418
417223,5,223
418057,1,520
418057,2,566
418057,3,869
418057,5,196
418486,2,552
418486,3,634
418486,4,251
418486,5,385
418729,1,412
418729,2,520
418729,3,446
418729,4,272
418729,5,40
418813,1,746
418813,2,1754
418813,3,601
418813,4,600
418813,5,931
419631,1,539
419631,2,288
419631,3,701
419631,4,177
419631,5,655
420652,4,469
420652,5,263
422125,1,496
422125,2,1479
422125,3,111
422125,4,284
422125,5,164
422834,2,257
422834,3,186
423906,1,878
423906,2,705
423906,3,1431
423906,4,173
423906,5,1595
424258,1,672
424258,2,526
424258,3,1029
424258,4,426
424258,5,911
424667,1,481
424667,2,750
424667,3,1287
424667,4,1111
424667,5,1432
424790,1,164
424790,2,600
424790,3,41
424790,4,363
425224,1,444
425224,2,627
425224,3,1674
425224,4,952
425224,5,1027
426993,2,282
426993,4,192
426993,5,255
427073,1,544
427073,2,407
427073,3,563
427073,4,586
427073,5,792
427213,1,311
427213,2,856
427213,3,937
427213,4,387
427213,5,1685
427411,2,619
427411,3,786
427411,4,396
427411,5,30
427822,1,655
427822,2,493
427822,3,159
428223,1,1481
428223,2,678
428223,3,180
428223,4,454
428223,5,1157
429975,1,505
429975,2,1275
429975,3,1268
429975,4,381
429975,5,918
432404,1,514
432404,2,1137
432404,3,861
432404,4,1168
432404,5,1508
433623,1,538
433623,2,727
433623,4,149
433623,5,261
433825,1,731
433825,2,853
433825,3,469
433825,4,1250
433825,5,1210
434050,1,32
434050,2,115
434050,3,293
434050,4,419
434050,5,434
434080,1,268
434080,2,436
434080,3,345
434080,4,78
434080,5,205
434625,1,423
434625,2,144
434625,4,65
434625,5,132
435136,1,614
435136,2,1390
435136,3,726
435136,4,935
435136,5,409
435744,1,283
435744,2,1021
435744,3,717
435744,4,927
435744,5,754
435908,1,121
435908,3,248
435908,4,284
437867,1,765
437867,2,806
437867,3,612
437867,4,673
437867,5,983
438319,2,216
438319,3,257
439959,2,375
440266,1,953
440266,2,486
440266,3,695
440266,4,867
440266,5,417
440273,2,140
440273,3,226
440273,4,570
440273,5,663
440292,1,32
440292,2,863
440292,3,583
440292,4,534
440292,5,635
440327,1,1226
440327,2,132
440327,3,180
440327,4,874
440327,5,1083
441623,3,263
442012,1,498
442012,2,1342
442012,3,216
442012,4,117
442012,5,366
442593,1,653
442593,2,1525
442593,3,991
442593,4,753
442593,5,553
442906,1,211
442906,2,364
442906,3,456
442906,4,77
442906,5,56
443319,1,454
443319,2,772
443319,3,734
443319,4,783
443319,5,337
443608,1,254
443608,3,265
443608,4,180
443608,5,543
443912,1,824
443912,2,250
443912,3,264
443912,4,210
443912,5,233
444040,1,934
444040,2,580
444040,3,1107
444040,4,322
444040,5,969
444926,1,595
444926,2,1532
444926,3,483
444926,4,1463
444926,5,812
445131,5,167
445737,1,235
445737,2,848
445737,3,312
445737,4,255
445737,5,277
446054,1,299
446054,2,701
446054,3,190
446054,4,291
446054,5,909
446163,1,364
446163,2,905
446163,3,988
446163,4,97
446163,5,187
446571,1,536
446571,2,1159
446571,3,740
446571,4,695
446571,5,1319
447040,1,544
447040,2,650
447040,3,845
447040,4,505
447040,5,670
447257,1,243
447257,2,878
447257,3,1294
447257,4,229
447257,5,449
448319,1,378
448319,2,398
448319,3,522
448319,4,191
448319,5,690
448617,1,402
448617,2,365
448617,3,616
448617,4,1063
448617,5,782
448815,1,718
448815,2,1070
448815,3,479
448815,4,314
448815,5,228
450349,1,686
450349,2,472
450349,3,318
450349,4,455
450349,5,1334
451387,1,145
451387,4,242
451582,1,493
451582,2,772
451582,4,235
451582,5,599
451762,1,94
451762,3,250
451762,4,115
451762,5,75
452138,1,188
452138,3,832
452138,4,74
452138,5,565
452451,1,532
452451,2,513
452451,3,378
452451,4,649
452451,5,1146
453040,2,1044
453040,3,376
453040,4,730
453040,5,311
453628,1,342
453628,2,382
453628,3,374
453628,4,373
453628,5,272
454234,3,190
454429,4,298
454429,5,172
454497,1,865
454497,2,949
454497,3,1189
454497,4,178
454497,5,468
454550,1,476
454550,2,96
454550,3,781
454550,4,983
454550,5,403
454773,1,321
454773,2,825
454773,3,1193
454773,4,1504
454773,5,592
455204,2,97
455204,3,200
455204,4,40
455204,5,142
456645,1,229
456645,2,361
456645,3,246
456645,4,637
456645,5,427
457063,1,688
457063,2,1071
457063,4,530
457063,5,682
457097,1,1188
457097,2,494
457097,3,179
457097,4,1025
457097,5,673
457389,1,805
457389,2,909
457389,3,358
457389,4,635
457389,5,312
457783,1,400
457783,2,288
457783,3,121
457783,4,292
457783,5,593
458874,1,260
458874,3,187
458874,4,124
460880,1,305
460880,2,801
460880,3,1020
460880,4,542
460880,5,2321
461700,1,266
461713,1,326
461713,2,128
461713,3,289
461713,4,227
461713,5,142
461880,1,395
461880,2,309
461880,3,628
461880,4,79
461880,5,242
462535,1,288
462535,3,660
462535,4,174
462535,5,280
463253,1,975
463253,2,1172
463253,3,465
463253,4,1457
463253,5,1182
463400,1,679
463400,2,1314
463400,3,251
463400,4,1000
463400,5,1133
463695,1,297
463695,3,500
463695,4,794
463695,5,661
463882,1,825
463882,2,1142
463882,3,181
463882,4,894
463882,5,524
464840,2,453
464840,3,427
464840,4,233
464840,5,226
465514,1,1650
465514,2,674
465514,3,1332
465514,4,466
465514,5,701
