date,input,output
2015-09-01,179667,179667
2015-09-02,177670,177670
2015-09-03,152112,152112
2015-09-04,142938,142938
2015-09-05,130741,130741
2015-09-06,195866,195866
2015-09-07,162560,162560
2015-09-08,175382,175382
2015-09-09,139323,139323
2015-09-10,195388,195388
2015-09-11,113806,113806
2015-09-12,80009,80009
2015-09-13,162270,162270
2015-09-14,131001,131001
2015-09-15,167366,167366
2015-09-16,133252,133252
2015-09-17,163392,163392
2015-09-18,131881,131881
2015-09-19,95233,95233
2015-09-20,134325,134325
2015-09-21,136637,136637
2015-09-22,142415,142415
2015-09-23,115107,115107
2015-09-24,100087,100087
2015-09-25,97076,97076
2015-09-26,93977,93977
2015-09-27,132807,132807
2015-09-28,81813,81813
2015-09-29,133216,133216
2015-09-30,82787,82787
2015-10-01,137265,137265
2015-10-02,95467,95467
2015-10-03,61521,61521
2015-10-04,83576,83576
2015-10-05,87239,87239
2015-10-06,104735,104735
2015-10-07,106690,106690
2015-10-08,147322,147322
2015-10-09,79056,79056
2015-10-10,68071,68071
2015-10-11,85294,85294
2015-10-12,116639,116639
2015-10-13,158384,158384
2015-10-14,104573,104573
2015-10-15,139175,139175
2015-10-16,96893,96893
2015-10-17,58306,58306
2015-10-18,131872,131872
2015-10-19,88409,88409
2015-10-20,100495,100495
2015-10-21,91384,91384
2015-10-22,104801,104801
2015-10-23,63994,63994
2015-10-24,64599,64599
2015-10-25,94448,94448
2015-10-26,82291,82291
2015-10-27,112596,112596
2015-10-28,110199,110199
2015-10-29,79084,79084
2015-10-30,62060,62060
2015-10-31,58374,58374
2015-11-01,89741,89741
2015-11-02,62857,62857
2015-11-03,108959,108959
2015-11-04,86681,86681
2015-11-05,121397,121397
2015-11-06,77167,77167
2015-11-07,100554,100554
2015-11-08,156914,156914
2015-11-09,100380,100380
2015-11-10,127164,127164
2015-11-11,140952,140952
2015-11-12,150750,150750
2015-11-13,117565,117565
2015-11-14,120945,120945
2015-11-15,88307,88307
2015-11-16,37,37
2015-11-17,98,98
2015-11-18,1444,1444
2015-11-19,4222,4222
2015-11-20,92,92
2015-11-21,20,20
2015-11-22,197,197
2015-11-23,26432,26432
2015-11-24,167576,167576
2015-11-25,157969,157969
2015-11-26,124145,124145
2015-11-27,60264,60264
2015-11-28,42890,42890
2015-11-29,44633,44633
2015-11-30,73172,73172
2015-12-01,95066,95066
2015-12-02,104300,104300
2015-12-03,72698,72698
2015-12-04,77680,77680
2015-12-05,52000,52000
2015-12-06,64916,64916
2015-12-07,36613,36613
2015-12-08,66506,66506
2015-12-09,66917,66917
2015-12-10,61468,61468
2015-12-11,32350,32350
2015-12-12,30635,30635
2015-12-13,64312,64312
2015-12-14,57815,57815
2015-12-15,83972,83972
2015-12-16,77074,77074
2015-12-17,105074,105074
2015-12-18,87811,87811
2015-12-19,80850,80850
2015-12-20,116053,116053
2015-12-21,106561,106561
2015-12-22,165873,165873
2015-12-23,96867,96867
2015-12-24,107469,107469
2015-12-25,72314,72314
2015-12-26,66586,66586
2015-12-27,125199,125199
2015-12-28,91544,91544
2015-12-29,76995,76995
2015-12-30,97289,97289
2015-12-31,41442,41442
2016-01-01,0,0
2016-01-02,0,0
2016-01-03,39513,39513
2016-01-04,93550,93550
2016-01-05,175855,175855
2016-01-06,100213,100213
2016-01-07,52789,52789
2016-01-08,39125,39125
2016-01-09,70882,70882
2016-01-10,99995,99995
2016-01-11,100294,100294
2016-01-12,78594,78594
2016-01-13,31503,31503
2016-01-14,64126,64126
2016-01-15,72933,72933
2016-01-16,66519,66519
2016-01-17,103456,103456
2016-01-18,116631,116631
2016-01-19,113619,113619
2016-01-20,61065,61065
2016-01-21,90820,90820
2016-01-22,118734,118734
2016-01-23,94585,94585
2016-01-24,194196,194196
2016-01-25,169815,169815
2016-01-26,150454,150454
2016-01-27,92710,92710
2016-01-28,142134,142134
2016-01-29,98368,98368
2016-01-30,106155,106155
2016-01-31,180401,180401
2016-02-01,193196,193196
2016-02-02,182635,182635
2016-02-03,82393,82393
2016-02-04,151824,151824
2016-02-05,108371,108371
2016-02-06,109786,109786
2016-02-07,174740,174740
2016-02-08,80359,80359
2016-02-09,109915,109915
2016-02-10,110318,110318
2016-02-11,151211,151211
2016-02-12,120556,120556
2016-02-13,88851,88851
2016-02-14,165293,165293
2016-02-15,124298,124298
2016-02-16,192600,192600
2016-02-17,135040,135040
2016-02-18,103287,103287
2016-02-19,130989,130989
2016-02-20,103532,103532
2016-02-21,228436,228436
2016-02-22,175360,175360
2016-02-23,235217,235217
2016-02-24,126039,126039
2016-02-25,132742,132742
2016-02-26,119674,119674
2016-02-27,129653,129653
2016-02-28,239198,239198
2016-02-29,156390,156390
2016-03-01,238275,238275
2016-03-02,186647,186647
2016-03-03,177120,177120
2016-03-04,152024,152024
2016-03-05,116854,116854
2016-03-06,237142,237142
2016-03-07,116696,116696
2016-03-08,173871,173871
2016-03-09,88805,88805
2016-03-10,149443,149443
2016-03-11,190786,190786
2016-03-12,115776,115776
2016-03-13,183563,183563
2016-03-14,128124,128124
2016-03-15,177020,177020
2016-03-16,132537,132537
2016-03-17,124130,124130
2016-03-18,100258,100258
2016-03-19,48162,48162
2016-03-20,111440,111440
2016-03-21,82615,82615
2016-03-22,118183,118183
2016-03-23,136374,136374
2016-03-24,110774,110774
2016-03-25,69515,69515
2016-03-26,81878,81878
2016-03-27,117204,117204
2016-03-28,83358,83358
2016-03-29,131427,131427
2016-03-30,88386,88386
2016-03-31,202925,202925
2016-04-01,107198,107198
2016-04-02,95813,95813
2016-04-03,170481,170481
2016-04-04,149210,149210
2016-04-05,204973,204973
2016-04-06,188797,188797
2016-04-07,175641,175641
2016-04-08,171181,171181
2016-04-09,80440,80440
2016-04-10,170007,170007
2016-04-11,119834,119834
2016-04-12,191878,191878
2016-04-13,176504,176504
2016-04-14,216913,216913
2016-04-15,168632,168632
2016-04-16,165077,165077
2016-04-17,196888,196888
2016-04-18,164419,164419
2016-04-19,223167,223167
2016-04-20,181922,181922
2016-04-21,166170,166170
2016-04-22,162567,162567
2016-04-23,113170,113170
2016-04-24,230670,230670
2016-04-25,159878,159878
2016-04-26,176930,176930
2016-04-27,183792,183792
2016-04-28,149544,149544
2016-04-29,107551,107551
2016-04-30,129540,129540
2016-05-01,144251,144251
2016-05-02,100835,100835
2016-05-03,164039,164039
2016-05-04,112846,112846
2016-05-05,103483,103483
2016-05-06,100361,100361
2016-05-07,91355,91355
2016-05-08,143160,143160
2016-05-09,84221,84221
2016-05-10,165976,165976
2016-05-11,112609,112609
2016-05-12,128448,128448
2016-05-13,102104,102104
2016-05-14,106760,106760
2016-05-15,164297,164297
2016-05-16,146571,146571
2016-05-17,141188,141188
2016-05-18,173599,173599
2016-05-19,145302,145302
2016-05-20,104323,104323
2016-05-21,70382,70382
2016-05-22,174720,174720
2016-05-23,84559,84559
2016-05-24,153936,153936
2016-05-25,133550,133550
2016-05-26,130763,130763
2016-05-27,69463,69463
2016-05-28,85651,85651
2016-05-29,125904,125904
2016-05-30,72258,72258
2016-05-31,175157,175157
2016-06-01,130896,130896
2016-06-02,116153,116153
2016-06-03,69280,69280
2016-06-04,66306,66306
2016-06-05,144009,144009
2016-06-06,79385,79385
2016-06-07,121759,121759
2016-06-08,90425,90425
2016-06-09,109286,109286
2016-06-10,63124,63124
2016-06-11,86659,86659
2016-06-12,145850,145850
2016-06-13,68222,68222
2016-06-14,149090,149090
2016-06-15,113108,113108
2016-06-16,69110,69110
2016-06-17,77712,77712
2016-06-18,92581,92581
2016-06-19,172905,172905
2016-06-20,96643,96643
2016-06-21,197113,197113
2016-06-22,194201,194201
2016-06-23,107376,107376
2016-06-24,56209,56209
2016-06-25,96056,96056
2016-06-26,120054,120054
2016-06-27,117734,117734
2016-06-28,147341,147341
2016-06-29,152646,152646
2016-06-30,92608,92608
2016-07-01,104426,104426
2016-07-02,115798,115798
2016-07-03,163873,163873
2016-07-04,145529,145529
2016-07-05,174170,174170
2016-07-06,126263,126263
2016-07-07,114195,114195
2016-07-08,75806,75806
2016-07-09,116305,116305
2016-07-10,147070,147070
2016-07-11,131674,131674
2016-07-12,193033,193033
2016-07-13,135478,135478
2016-07-14,63942,63942
2016-07-15,118946,118946
2016-07-16,100884,100884
2016-07-17,192799,192799
2016-07-18,139471,139471
2016-07-19,210880,210880
2016-07-20,132313,132313
2016-07-21,68711,68711
2016-07-22,75304,75304
2016-07-23,97260,97260
2016-07-24,176847,176847
2016-07-25,180406,180406
2016-07-26,228724,228724
2016-07-27,233816,233816
2016-07-28,218654,218654
2016-07-29,131427,131427
2016-07-30,134527,134527
2016-07-31,207602,207602
2016-08-01,165942,165942
2016-08-02,253248,253248
2016-08-03,203024,203024
2016-08-04,156925,156925
2016-08-05,147623,147623
2016-08-06,175110,175110
2016-08-07,242540,242540
2016-08-08,209632,209632
2016-08-09,255780,255780
2016-08-10,268370,268370
2016-08-11,144138,144138
2016-08-12,166045,166045
2016-08-13,112118,112118
2016-08-14,264828,264828
2016-08-15,194395,194395
2016-08-16,229677,229677
2016-08-17,286647,286647
2016-08-18,212379,212379
2016-08-19,184925,184925
2016-08-20,159161,159161
2016-08-21,260607,260607
2016-08-22,229522,229522
2016-08-23,288048,288048
2016-08-24,255945,255945
2016-08-25,302472,302472
2016-08-26,257360,257360
2016-08-27,117736,117736
2016-08-28,226762,226762
2016-08-29,254829,254829
2016-08-30,283062,283062
2016-08-31,261481,261481
2016-09-01,337883,337883
2016-09-02,291151,291151
2016-09-03,223949,223949
2016-09-04,237374,237374
2016-09-05,256360,256360
2016-09-06,244808,244808
2016-09-07,237956,237956
2016-09-08,317912,317912
2016-09-09,183998,183998
2016-09-10,242268,242268
2016-09-11,180789,180789
2016-09-12,193662,193662
2016-09-13,234948,234948
2016-09-14,218607,218607
2016-09-15,236750,236750
2016-09-16,240151,240151
2016-09-17,209098,209098
2016-09-18,200023,200023
2016-09-19,210500,210500
2016-09-20,227728,227728
2016-09-21,280167,280167
2016-09-22,254672,254672
2016-09-23,179953,179953
2016-09-24,178495,178495
2016-09-25,147484,147484
2016-09-26,188627,188627
2016-09-27,177630,177630
2016-09-28,211084,211084
2016-09-29,220829,220829
2016-09-30,115486,115486
2016-10-01,211617,211617
2016-10-02,192989,192989
2016-10-03,222244,222244
2016-10-04,248366,248366
2016-10-05,225865,225865
2016-10-06,219369,219369
2016-10-07,177686,177686
2016-10-08,170101,170101
2016-10-09,223860,223860
2016-10-10,209613,209613
2016-10-11,182531,182531
2016-10-12,236803,236803
2016-10-13,211403,211403
2016-10-14,118337,118337
2016-10-15,214954,214954
2016-10-16,163626,163626
2016-10-17,257482,257482
2016-10-18,237668,237668
2016-10-19,232925,232925
2016-10-20,210729,210729
2016-10-21,153006,153006
2016-10-22,191972,191972
2016-10-23,151764,151764
2016-10-24,204304,204304
2016-10-25,155770,155770
2016-10-26,200196,200196
2016-10-27,205438,205438
2016-10-28,121890,121890
2016-10-29,194629,194629
2016-10-30,179617,179617
2016-10-31,157222,157222
2016-11-01,183127,183127
2016-11-02,199282,199282
2016-11-03,133505,133505
2016-11-04,88116,88116
2016-11-05,116589,116589
2016-11-06,120048,120048
2016-11-07,128951,128951
2016-11-08,119445,119445
2016-11-09,192432,192432
2016-11-10,121609,121609
2016-11-11,65214,65214
2016-11-12,100558,100558
2016-11-13,136754,136754
2016-11-14,108307,108307
2016-11-15,5936,5936
2016-11-16,432,432
2016-11-17,1183,1183
2016-11-18,565,565
2016-11-19,1043,1043
2016-11-20,490,490
2016-11-21,36566,36566
2016-11-22,236127,236127
2016-11-23,168658,168658
2016-11-24,233196,233196
2016-11-25,127409,127409
2016-11-26,113874,113874
2016-11-27,123925,123925
2016-11-28,143211,143211
2016-11-29,89287,89287
2016-11-30,132541,132541
2016-12-01,163844,163844
2016-12-02,118225,118225
2016-12-03,64366,64366
2016-12-04,143682,143682
2016-12-05,245036,245036
2016-12-06,181188,181188
2016-12-07,232893,232893
2016-12-08,261150,261150
2016-12-09,173086,173086
2016-12-10,244916,244916
2016-12-11,127034,127034
2016-12-12,165612,165612
2016-12-13,173052,173052
2016-12-14,171731,171731
2016-12-15,180757,180757
2016-12-16,154992,154992
2016-12-17,142639,142639
2016-12-18,107842,107842
2016-12-19,193239,193239
2016-12-20,158338,158338
2016-12-21,275377,275377
2016-12-22,214225,214225
2016-12-23,168212,168212
2016-12-24,187737,187737
2016-12-25,169128,169128
2016-12-26,212016,212016
2016-12-27,139642,139642
2016-12-28,197007,197007
2016-12-29,136511,136511
2016-12-30,62538,62538
2016-12-31,0,0
2017-01-01,44339,44339
2017-01-02,149236,149236
2017-01-03,250226,250226
2017-01-04,281161,281161
2017-01-05,199509,199509
2017-01-06,108652,108652
2017-01-07,245366,245366
2017-01-08,225655,225655
2017-01-09,169437,169437
2017-01-10,158408,158408
2017-01-11,228883,228883
2017-01-12,138478,138478
2017-01-13,203734,203734
2017-01-14,197130,197130
2017-01-15,262043,262043
2017-01-16,241828,241828
2017-01-17,207952,207952
2017-01-18,255131,255131
2017-01-19,124346,124346
2017-01-20,204370,204370
2017-01-21,181938,181938
2017-01-22,190257,190257
2017-01-23,261806,261806
2017-01-24,234411,234411
2017-01-25,556857,556857
2017-01-26,233014,233014
2017-01-27,260629,260629
2017-01-28,217656,217656
2017-01-29,221962,221962
2017-01-30,255775,255775
2017-01-31,221155,221155
2017-02-01,256444,256444
2017-02-02,204327,204327
2017-02-03,169836,169836
2017-02-04,227444,227444
2017-02-05,217120,217120
2017-02-06,212801,212801
2017-02-07,288307,288307
2017-02-08,293841,293841
2017-02-09,370030,370030
2017-02-10,316810,316810
2017-02-11,228839,228839
2017-02-12,238147,238147
2017-02-13,237943,237943
2017-02-14,215047,215047
2017-02-15,282085,282085
2017-02-16,330671,330671
2017-02-17,337769,337769
2017-02-18,247722,247722
2017-02-19,308223,308223
2017-02-20,276454,276454
2017-02-21,329965,329965
2017-02-22,238189,238189
2017-02-23,301137,301137
2017-02-24,241433,241433
2017-02-25,269901,269901
2017-02-26,291689,291689
2017-02-27,357965,357965
2017-02-28,294154,294154
2017-03-01,336694,336694
2017-03-02,336274,336274
2017-03-03,284709,284709
2017-03-04,286923,286923
2017-03-05,317123,317123
2017-03-06,253129,253129
2017-03-07,209141,209141
2017-03-08,304173,304173
2017-03-09,331680,331680
2017-03-10,230823,230823
2017-03-11,245814,245814
2017-03-12,321596,321596
2017-03-13,329498,329498
2017-03-14,295868,295868
2017-03-15,334893,334893
2017-03-16,306887,306887
2017-03-17,300895,300895
2017-03-18,286602,286602
2017-03-19,254392,254392
2017-03-20,339659,339659
2017-03-21,241275,241275
2017-03-22,370631,370631
2017-03-23,310672,310672
2017-03-24,236710,236710
2017-03-25,234379,234379
2017-03-26,211965,211965
2017-03-27,242657,242657
2017-03-28,198529,198529
2017-03-29,249275,249275
2017-03-30,205003,205003
2017-03-31,118552,118552
2017-04-01,181383,181383
2017-04-02,214245,214245
2017-04-03,220253,220253
2017-04-04,224081,224081
2017-04-05,274313,274313
2017-04-06,294558,294558
2017-04-07,225568,225568
2017-04-08,259518,259518
2017-04-09,264470,264470
2017-04-10,225383,225383
2017-04-11,223375,223375
2017-04-12,289118,289118
2017-04-13,266271,266271
2017-04-14,158138,158138
2017-04-15,259954,259954
2017-04-16,222878,222878
2017-04-17,237092,237092
2017-04-18,317238,317238
2017-04-19,261317,261317
2017-04-20,295585,295585
2017-04-21,254903,254903
2017-04-22,230876,230876
2017-04-23,226611,226611
2017-04-24,235963,235963
2017-04-25,250053,250053
2017-04-26,280967,280967
2017-04-27,287942,287942
2017-04-28,256812,256812
2017-04-29,206886,206886
2017-04-30,237517,237517
2017-05-01,257265,257265
2017-05-02,240301,240301
2017-05-03,317416,317416
2017-05-04,260003,260003
2017-05-05,278310,278310
2017-05-06,259789,259789
2017-05-07,261815,261815
2017-05-08,200290,200290
2017-05-09,304185,304185
2017-05-10,280579,280579
2017-05-11,285116,285116
2017-05-12,170592,170592
2017-05-13,204793,204793
2017-05-14,248630,248630
2017-05-15,226114,226114
2017-05-16,258776,258776
2017-05-17,202429,202429
2017-05-18,257752,257752
2017-05-19,160374,160374
2017-05-20,187671,187671
2017-05-21,224096,224096
2017-05-22,199169,199169
2017-05-23,225313,225313
2017-05-24,181559,181559
2017-05-25,249057,249057
2017-05-26,138344,138344
2017-05-27,252508,252508
2017-05-28,239603,239603
2017-05-29,211726,211726
2017-05-30,216765,216765
2017-05-31,203846,203846
2017-06-01,225419,225419
2017-06-02,190306,190306
2017-06-03,211704,211704
2017-06-04,209364,209364
2017-06-05,200732,200732
2017-06-06,203444,203444
2017-06-07,214788,214788
2017-06-08,278071,278071
2017-06-09,136522,136522
2017-06-10,175597,175597
2017-06-11,210506,210506
2017-06-12,138697,138697
2017-06-13,244418,244418
2017-06-14,184753,184753
2017-06-15,164686,164686
2017-06-16,218550,218550
2017-06-17,203014,203014
2017-06-18,201347,201347
2017-06-19,244715,244715
2017-06-20,207703,207703
2017-06-21,206019,206019
2017-06-22,263797,263797
2017-06-23,135002,135002
2017-06-24,145257,145257
2017-06-25,159115,159115
2017-06-26,142140,142140
2017-06-27,193869,193869
2017-06-28,246721,246721
2017-06-29,215747,215747
2017-06-30,281674,281674
2017-07-01,213528,213528
2017-07-02,226771,226771
2017-07-03,336364,336364
2017-07-04,342735,342735
2017-07-05,346141,346141
2017-07-06,338397,338397
2017-07-07,288042,288042
2017-07-08,253461,253461
2017-07-09,330334,330334
2017-07-10,254303,254303
2017-07-11,384038,384038
2017-07-12,261140,261140
2017-07-13,300717,300717
2017-07-14,366269,366269
2017-07-15,351517,351517
2017-07-16,248484,248484
2017-07-17,325564,325564
2017-07-18,309158,309158
2017-07-19,304905,304905
2017-07-20,295591,295591
2017-07-21,337791,337791
2017-07-22,223144,223144
2017-07-23,240981,240981
2017-07-24,290090,290090
2017-07-25,331814,331814
2017-07-26,474950,474950
2017-07-27,292379,292379
2017-07-28,265931,265931
2017-07-29,230988,230988
2017-07-30,312948,312948
2017-07-31,231262,231262
2017-08-01,254858,254858
2017-08-02,321414,321414
2017-08-03,296139,296139
2017-08-04,204853,204853
2017-08-05,202622,202622
2017-08-06,225219,225219
2017-08-07,272599,272599
2017-08-08,304875,304875
2017-08-09,249872,249872
2017-08-10,312707,312707
2017-08-11,199062,199062
2017-08-12,280189,280189
2017-08-13,248375,248375
2017-08-14,358789,358789
2017-08-15,472920,472920
2017-08-16,333077,333077
2017-08-17,419465,419465
2017-08-18,378034,378034
2017-08-19,272357,272357
2017-08-20,283293,283293
2017-08-21,285915,285915
2017-08-22,353667,353667
2017-08-23,309447,309447
2017-08-24,332564,332564
2017-08-25,309969,309969
2017-08-26,289453,289453
2017-08-27,240227,240227
2017-08-28,322353,322353
2017-08-29,278044,278044
2017-08-30,260961,260961
2017-08-31,266229,266229
2017-09-01,301375,301375
2017-09-02,247834,247834
2017-09-03,213923,213923
2017-09-04,283864,283864
2017-09-05,250986,250986
2017-09-06,340030,340030
2017-09-07,282435,282435
2017-09-08,333501,333501
2017-09-09,298795,298795
2017-09-10,273453,273453
2017-09-11,245539,245539
2017-09-12,272486,272486
2017-09-13,328223,328223
2017-09-14,323704,323704
2017-09-15,311304,311304
2017-09-16,304235,304235
2017-09-17,257141,257141
2017-09-18,327064,327064
2017-09-19,307293,307293
2017-09-20,335041,335041
2017-09-21,265884,265884
2017-09-22,350982,350982
2017-09-23,249797,249797
2017-09-24,263130,263130
2017-09-25,302685,302685
2017-09-26,248259,248259
2017-09-27,341296,341296
2017-09-28,336630,336630
2017-09-29,332115,332115
2017-09-30,228486,228486
2017-10-01,266421,266421
2017-10-02,259391,259391
2017-10-03,318225,318225
2017-10-04,253318,253318
2017-10-05,300251,300251
2017-10-06,306680,306680
2017-10-07,247042,247042
2017-10-08,297239,297239
2017-10-09,298245,298245
2017-10-10,257896,257896
2017-10-11,234972,234972
2017-10-12,299626,299626
2017-10-13,228495,228495
2017-10-14,167239,167239
2017-10-15,228423,228423
2017-10-16,242031,242031
2017-10-17,244232,244232
2017-10-18,272348,272348
2017-10-19,277256,277256
2017-10-20,238865,238865
2017-10-21,288835,288835
2017-10-22,241535,241535
2017-10-23,225029,225029
2017-10-24,242886,242886
2017-10-25,241087,241087
2017-10-26,295708,295708
2017-10-27,202702,202702
2017-10-28,189279,189279
2017-10-29,174627,174627
2017-10-30,186288,186288
2017-10-31,252951,252951
2017-11-01,197143,197143
2017-11-02,228429,228429
2017-11-03,63594,63594
2017-11-04,157398,157398
2017-11-05,204553,204553
2017-11-06,173184,173184
2017-11-07,189711,189711
2017-11-08,226526,226526
2017-11-09,216238,216238
2017-11-10,186838,186838
2017-11-11,160543,160543
2017-11-12,227928,227928
2017-11-13,235547,235547
2017-11-14,52989,52989
2017-11-15,58330,58330
2017-11-16,59431,59431
2017-11-17,41475,41475
2017-11-18,19359,19359
2017-11-19,54615,54615
2017-11-20,221850,221850
2017-11-21,267273,267273
2017-11-22,233373,233373
2017-11-23,192497,192497
2017-11-24,239740,239740
2017-11-25,309994,309994
2017-11-26,357947,357947
2017-11-27,316593,316593
2017-11-28,362831,362831
2017-11-29,285481,285481
2017-11-30,357554,357554
2017-12-01,311014,311014
2017-12-02,230111,230111
2017-12-03,327787,327787
2017-12-04,419577,419577
2017-12-05,216661,216661
2017-12-06,530421,530421
2017-12-07,442274,442274
2017-12-08,404510,404510
2017-12-09,316791,316791
2017-12-10,312235,312235
2017-12-11,300008,300008
2017-12-12,381875,381875
2017-12-13,353202,353202
2017-12-14,476101,476101
2017-12-15,222575,222575
2017-12-16,176819,176819
2017-12-17,265509,265509
2017-12-18,327873,327873
2017-12-19,285899,285899
2017-12-20,316216,316216
2017-12-21,312975,312975
2017-12-22,268789,268789
2017-12-23,211129,211129
2017-12-24,222943,222943
2017-12-25,374590,374590
2017-12-26,383625,383625
2017-12-27,351943,351943
2017-12-28,194687,194687
2017-12-29,118468,118468
2017-12-30,10575,10575
2017-12-31,0,0
2018-01-01,35508,35508
2018-01-02,137083,137083
2018-01-03,418577,418577
2018-01-04,371802,371802
2018-01-05,323474,323474
2018-01-06,286947,286947
2018-01-07,432602,432602
2018-01-08,306608,306608
2018-01-09,288699,288699
2018-01-10,287812,287812
2018-01-11,283616,283616
2018-01-12,196278,196278
2018-01-13,216611,216611
2018-01-14,323022,323022
2018-01-15,374033,374033
2018-01-16,438136,438136
2018-01-17,304743,304743
2018-01-18,306106,306106
2018-01-19,206694,206694
2018-01-20,265784,265784
2018-01-21,394871,394871
2018-01-22,396334,396334
2018-01-23,333297,333297
2018-01-24,393098,393098
2018-01-25,353945,353945
2018-01-26,213455,213455
2018-01-27,232289,232289
2018-01-28,351524,351524
2018-01-29,477664,477664
2018-01-30,358491,358491
2018-01-31,390163,390163
2018-02-01,383924,383924
2018-02-02,340434,340434
2018-02-03,284990,284990
2018-02-04,369513,369513
2018-02-05,475347,475347
2018-02-06,330817,330817
2018-02-07,377179,377179
2018-02-08,418755,418755
2018-02-09,261105,261105
2018-02-10,235198,235198
2018-02-11,350998,350998
2018-02-12,272184,272184
2018-02-13,378679,378679
2018-02-14,320730,320730
2018-02-15,370514,370514
2018-02-16,393586,393586
2018-02-17,297864,297864
2018-02-18,287918,287918
2018-02-19,440820,440820
2018-02-20,401175,401175
2018-02-21,420441,420441
2018-02-22,278192,278192
2018-02-23,326431,326431
2018-02-24,313258,313258
2018-02-25,308794,308794
2018-02-26,457732,457732
2018-02-27,391312,391312
2018-02-28,447869,447869
2018-03-01,368104,368104
2018-03-02,337572,337572
2018-03-03,269830,269830
2018-03-04,289228,289228
2018-03-05,438463,438463
2018-03-06,303476,303476
2018-03-07,312359,312359
2018-03-08,361061,361061
2018-03-09,185655,185655
2018-03-10,232352,232352
2018-03-11,375896,375896
2018-03-12,307408,307408
2018-03-13,230252,230252
2018-03-14,361286,361286
2018-03-15,358726,358726
2018-03-16,215981,215981
2018-03-17,243332,243332
2018-03-18,254908,254908
2018-03-19,315344,315344
2018-03-20,302898,302898
2018-03-21,266382,266382
2018-03-22,280206,280206
2018-03-23,211506,211506
2018-03-24,213346,213346
2018-03-25,203415,203415
2018-03-26,285115,285115
2018-03-27,217648,217648
2018-03-28,303666,303666
2018-03-29,319104,319104
2018-03-30,307243,307243
2018-03-31,242426,242426
2018-04-01,225557,225557
2018-04-02,282949,282949
2018-04-03,260271,260271
2018-04-04,295621,295621
2018-04-05,298234,298234
2018-04-06,276602,276602
2018-04-07,277276,277276
2018-04-08,261990,261990
2018-04-09,343937,343937
2018-04-10,319263,319263
2018-04-11,324142,324142
2018-04-12,380155,380155
2018-04-13,280225,280225
2018-04-14,302395,302395
2018-04-15,278975,278975
2018-04-16,306716,306716
2018-04-17,318404,318404
2018-04-18,387852,387852
2018-04-19,317756,317756
2018-04-20,346025,346025
2018-04-21,310085,310085
2018-04-22,344618,344618
2018-04-23,358541,358541
2018-04-24,316278,316278
2018-04-25,315691,315691
2018-04-26,421333,421333
2018-04-27,370218,370218
2018-04-28,336578,336578
2018-04-29,342818,342818
2018-04-30,343553,343553
2018-05-01,332442,332442
2018-05-02,311082,311082
2018-05-03,295934,295934
2018-05-04,285594,285594
2018-05-05,338759,338759
2018-05-06,292399,292399
2018-05-07,339299,339299
2018-05-08,352260,352260
2018-05-09,230213,230213
2018-05-10,298833,298833
2018-05-11,327931,327931
2018-05-12,205086,205086
2018-05-13,238481,238481
2018-05-14,325769,325769
2018-05-15,297292,297292
2018-05-16,294646,294646
2018-05-17,311812,311812
2018-05-18,292704,292704
2018-05-19,241114,241114
2018-05-20,301340,301340
2018-05-21,361181,361181
2018-05-22,273244,273244
2018-05-23,286429,286429
2018-05-24,351446,351446
2018-05-25,292379,292379
2018-05-26,303479,303479
2018-05-27,300293,300293
2018-05-28,329787,329787
2018-05-29,314255,314255
2018-05-30,240662,240662
2018-05-31,330506,330506
2018-06-01,406209,406209
2018-06-02,288222,288222
2018-06-03,288104,288104
2018-06-04,299241,299241
2018-06-05,243245,243245
2018-06-06,207574,207574
2018-06-07,181652,181652
2018-06-08,314775,314775
2018-06-09,216073,216073
2018-06-10,135611,135611
2018-06-11,177896,177896
2018-06-12,237546,237546
2018-06-13,326564,326564
2018-06-14,207417,207417
2018-06-15,174555,174555
2018-06-16,231661,231661
2018-06-17,204862,204862
2018-06-18,335298,335298
2018-06-19,398783,398783
2018-06-20,287363,287363
2018-06-21,261721,261721
2018-06-22,356320,356320
2018-06-23,265173,265173
2018-06-24,322503,322503
2018-06-25,402261,402261
2018-06-26,490172,490172
2018-06-27,327749,327749
2018-06-28,259505,259505
2018-06-29,295869,295869
2018-06-30,252154,252154
2018-07-01,257373,257373
2018-07-02,456316,456316
2018-07-03,369912,369912
2018-07-04,362074,362074
2018-07-05,320345,320345
2018-07-06,370741,370741
2018-07-07,315892,315892
2018-07-08,299385,299385
2018-07-09,306889,306889
2018-07-10,307851,307851
2018-07-11,288697,288697
2018-07-12,306747,306747
2018-07-13,338522,338522
2018-07-14,241219,241219
2018-07-15,221593,221593
2018-07-16,344073,344073
2018-07-17,306874,306874
2018-07-18,348333,348333
2018-07-19,313732,313732
2018-07-20,397343,397343
2018-07-21,238005,238005
2018-07-22,250442,250442
2018-07-23,352866,352866
2018-07-24,299138,299138
2018-07-25,417972,417972
2018-07-26,366312,366312
2018-07-27,337044,337044
2018-07-28,448016,448016
2018-07-29,300238,300238
2018-07-30,385510,385510
2018-07-31,395698,395698
2018-08-01,368713,368713
2018-08-02,342137,342137
2018-08-03,460680,460680
2018-08-04,299262,299262
2018-08-05,296895,296895
2018-08-06,452668,452668
2018-08-07,391158,391158
2018-08-08,358459,358459
2018-08-09,397008,397008
2018-08-10,381971,381971
2018-08-11,369605,369605
2018-08-12,362474,362474
2018-08-13,391415,391415
2018-08-14,364897,364897
2018-08-15,340976,340976
2018-08-16,318307,318307
2018-08-17,474759,474759
2018-08-18,336453,336453
2018-08-19,280186,280186
2018-08-20,356540,356540
2018-08-21,285916,285916
2018-08-22,328837,328837
2018-08-23,413916,413916
2018-08-24,433006,433006
2018-08-25,378822,378822
2018-08-26,390284,390284
2018-08-27,390749,390749
2018-08-28,455262,455262
2018-08-29,342034,342034
2018-08-30,242450,242450
2018-08-31,408912,408912
2018-09-01,378518,378518
2018-09-02,305409,305409
2018-09-03,384719,384719
2018-09-04,417010,417010
2018-09-05,418260,418260
2018-09-06,344760,344760
2018-09-07,429087,429087
2018-09-08,284265,284265
2018-09-09,282095,282095
2018-09-10,379636,379636
2018-09-11,341578,341578
2018-09-12,360727,360727
2018-09-13,371628,371628
2018-09-14,535698,535698
2018-09-15,305309,305309
2018-09-16,236369,236369
2018-09-17,385634,385634
2018-09-18,402358,402358
2018-09-19,379863,379863
2018-09-20,403447,403447
2018-09-21,378646,378646
2018-09-22,345859,345859
2018-09-23,345407,345407
2018-09-24,404148,404148
2018-09-25,412295,412295
2018-09-26,406874,406874
2018-09-27,293435,293435
2018-09-28,343285,343285
2018-09-29,283869,283869
2018-09-30,337026,337026
2018-10-01,332047,332047
2018-10-02,378122,378122
2018-10-03,394379,394379
2018-10-04,420914,420914
2018-10-05,407245,407245
2018-10-06,385179,385179
2018-10-07,404115,404115
2018-10-08,450297,450297
2018-10-09,470008,470008
2018-10-10,426472,426472
2018-10-11,320083,320083
2018-10-12,507243,507243
2018-10-13,356633,356633
2018-10-14,285725,285725
2018-10-15,340161,340161
2018-10-16,422107,422107
2018-10-17,320074,320074
2018-10-18,268389,268389
2018-10-19,420151,420151
2018-10-20,302903,302903
2018-10-21,388297,388297
2018-10-22,459026,459026
2018-10-23,368724,368724
2018-10-24,376664,376664
2018-10-25,335580,335580
2018-10-26,338193,338193
2018-10-27,251651,251651
2018-10-28,330914,330914
2018-10-29,426493,426493
2018-10-30,328758,328758
2018-10-31,287274,287274
2018-11-01,398647,398647
2018-11-02,367155,367155
2018-11-03,320362,320362
2018-11-04,316503,316503
2018-11-05,283214,283214
2018-11-06,335058,335058
2018-11-07,327631,327631
2018-11-08,223894,223894
2018-11-09,306459,306459
2018-11-10,163418,163418
2018-11-11,218698,218698
2018-11-12,245995,245995
2018-11-13,290100,290100
2018-11-14,181772,181772
2018-11-15,240936,240936
2018-11-16,206425,206425
2018-11-17,130970,130970
2018-11-18,241208,241208
2018-11-19,267003,267003
2018-11-20,18079,18079
2018-11-21,13038,13038
2018-11-22,37127,37127
2018-11-23,235980,235980
2018-11-24,260352,260352
2018-11-25,362319,362319
2018-11-26,392676,392676
2018-11-27,358929,358929
2018-11-28,237677,237677
2018-11-29,170627,170627
2018-11-30,195820,195820
2018-12-01,167437,167437
2018-12-02,211275,211275
2018-12-03,404053,404053
2018-12-04,117484,117484
2018-12-05,352244,352244
2018-12-06,245853,245853
2018-12-07,467986,467986
2018-12-08,307318,307318
2018-12-09,363392,363392
2018-12-10,370562,370562
2018-12-11,319859,319859
2018-12-12,277680,277680
2018-12-13,338251,338251
2018-12-14,363992,363992
2018-12-15,266850,266850
2018-12-16,300260,300260
2018-12-17,445919,445919
2018-12-18,400379,400379
2018-12-19,311133,311133
2018-12-20,272477,272477
2018-12-21,349328,349328
2018-12-22,313446,313446
2018-12-23,288600,288600
2018-12-24,325644,325644
2018-12-25,305115,305115
2018-12-26,265283,265283
2018-12-27,283194,283194
2018-12-28,327721,327721
2018-12-29,263364,263364
2018-12-30,90894,90894
2018-12-31,154657,154657
2019-01-01,0,0
2019-01-02,54364,54364
2019-01-03,304856,304856
2019-01-04,288690,288690
2019-01-05,279140,279140
2019-01-06,344070,344070
2019-01-07,322119,322119
2019-01-08,305687,305687
2019-01-09,380852,380852
2019-01-10,349689,349689
2019-01-11,324941,324941
2019-01-12,170665,170665
2019-01-13,324703,324703
2019-01-14,408735,408735
2019-01-15,336135,336135
2019-01-16,380582,380582
2019-01-17,327930,327930
2019-01-18,363692,363692
2019-01-19,346168,346168
2019-01-20,268996,268996
2019-01-21,361446,361446
2019-01-22,338469,338469
2019-01-23,349818,349818
2019-01-24,250093,250093
2019-01-25,350202,350202
2019-01-26,293745,293745
2019-01-27,299766,299766
2019-01-28,420196,420196
2019-01-29,427867,427867
2019-01-30,368107,368107
2019-01-31,339925,339925
2019-02-01,463132,463132
2019-02-02,303295,303295
2019-02-03,348100,348100
2019-02-04,368461,368461
2019-02-05,378890,378890
2019-02-06,585347,585347
2019-02-07,458996,458996
2019-02-08,460961,460961
2019-02-09,230474,230474
2019-02-10,397513,397513
2019-02-11,365487,365487
2019-02-12,423846,423846
2019-02-13,280790,280790
2019-02-14,378108,378108
2019-02-15,500992,500992
2019-02-16,350824,350824
2019-02-17,466926,466926
2019-02-18,466122,466122
2019-02-19,471468,471468
2019-02-20,452039,452039
2019-02-21,383388,383388
2019-02-22,608887,608887
2019-02-23,353351,353351
2019-02-24,378718,378718
2019-02-25,442699,442699
2019-02-26,408756,408756
2019-02-27,487228,487228
2019-02-28,542738,542738
2019-03-01,588216,588216
2019-03-02,334891,334891
2019-03-03,335943,335943
2019-03-04,535602,535602
2019-03-05,535072,535072
2019-03-06,504323,504323
2019-03-07,527705,527705
2019-03-08,498490,498490
2019-03-09,376262,376262
2019-03-10,328108,328108
2019-03-11,483654,483654
2019-03-12,489653,489653
2019-03-13,421333,421333
2019-03-14,501323,501323
2019-03-15,453931,453931
2019-03-16,346874,346874
2019-03-17,412648,412648
2019-03-18,450258,450258
2019-03-19,331141,331141
2019-03-20,407766,407766
2019-03-21,340991,340991
2019-03-22,395623,395623
2019-03-23,238693,238693
2019-03-24,270846,270846
2019-03-25,417195,417195
2019-03-26,510923,510923
2019-03-27,475978,475978
2019-03-28,347882,347882
2019-03-29,531935,531935
2019-03-30,259405,259405
2019-03-31,448990,448990
2019-04-01,450279,450279
2019-04-02,369166,369166
2019-04-03,513582,513582
2019-04-04,376125,376125
2019-04-05,380755,380755
2019-04-06,286128,286128
2019-04-07,397984,397984
2019-04-08,390240,390240
2019-04-09,353578,353578
2019-04-10,493011,493011
2019-04-11,499431,499431
2019-04-12,519636,519636
2019-04-13,274215,274215
2019-04-14,432198,432198
2019-04-15,490616,490616
2019-04-16,410925,410925
2019-04-17,468853,468853
2019-04-18,421163,421163
2019-04-19,500711,500711
2019-04-20,304191,304191
2019-04-21,447326,447326
2019-04-22,537148,537148
2019-04-23,510885,510885
2019-04-24,439137,439137
2019-04-25,424823,424823
2019-04-26,655787,655787
2019-04-27,368832,368832
2019-04-28,498804,498804
2019-04-29,527451,527451
2019-04-30,456170,456170
2019-05-01,480894,480894
2019-05-02,513508,513508
2019-05-03,490271,490271
2019-05-04,325598,325598
2019-05-05,426020,426020
2019-05-06,378983,378983
2019-05-07,346729,346729
2019-05-08,381113,381113
2019-05-09,372391,372391
2019-05-10,467211,467211
2019-05-11,321504,321504
2019-05-12,426690,426690
2019-05-13,460006,460006
2019-05-14,331031,331031
2019-05-15,436721,436721
2019-05-16,455648,455648
2019-05-17,470807,470807
2019-05-18,350218,350218
2019-05-19,390599,390599
2019-05-20,484926,484926
2019-05-21,425130,425130
2019-05-22,392982,392982
2019-05-23,443339,443339
2019-05-24,383223,383223
2019-05-25,329984,329984
2019-05-26,476307,476307
2019-05-27,471591,471591
2019-05-28,302999,302999
2019-05-29,381940,381940
2019-05-30,353087,353087
2019-05-31,309425,309425
2019-06-01,237838,237838
2019-06-02,367173,367173
2019-06-03,371743,371743
2019-06-04,344731,344731
2019-06-05,361023,361023
2019-06-06,348629,348629
2019-06-07,331755,331755
2019-06-08,321169,321169
2019-06-09,425506,425506
2019-06-10,438946,438946
2019-06-11,293543,293543
2019-06-12,258703,258703
2019-06-13,287707,287707
2019-06-14,405447,405447
2019-06-15,225800,225800
2019-06-16,390792,390792
2019-06-17,562688,562688
2019-06-18,430307,430307
2019-06-19,542609,542609
2019-06-20,425425,425425
2019-06-21,495211,495211
2019-06-22,369141,369141
2019-06-23,458762,458762
2019-06-24,506233,506233
2019-06-25,454842,454842
2019-06-26,422922,422922
2019-06-27,387090,387090
2019-06-28,339241,339241
2019-06-29,230885,230885
2019-06-30,402042,402042
2019-07-01,493772,493772
2019-07-02,442415,442415
2019-07-03,448432,448432
2019-07-04,332992,332992
2019-07-05,500888,500888
2019-07-06,326304,326304
2019-07-07,438415,438415
2019-07-08,598314,598314
2019-07-09,414287,414287
2019-07-10,408415,408415
2019-07-11,368623,368623
2019-07-12,411508,411508
2019-07-13,532838,532838
2019-07-14,480924,480924
2019-07-15,429089,429089
2019-07-16,510525,510525
2019-07-17,473519,473519
2019-07-18,444106,444106
2019-07-19,570872,570872
2019-07-20,468076,468076
2019-07-21,513340,513340
2019-07-22,501454,501454
2019-07-23,509570,509570
2019-07-24,513981,513981
2019-07-25,472813,472813
2019-07-26,480093,480093
2019-07-27,376845,376845
2019-07-28,366442,366442
2019-07-29,458692,458692
2019-07-30,368108,368108
2019-07-31,441807,441807
2019-08-01,435782,435782
2019-08-02,384658,384658
2019-08-03,480615,480615
2019-08-04,515164,515164
2019-08-05,580958,580958
2019-08-06,508223,508223
2019-08-07,456617,456617
2019-08-08,484143,484143
2019-08-09,606278,606278
2019-08-10,421287,421287
2019-08-11,440634,440634
2019-08-12,492631,492631
2019-08-13,436283,436283
2019-08-14,428666,428666
2019-08-15,510159,510159
2019-08-16,158296,158296
2019-08-17,214984,214984
2019-08-18,216928,216928
2019-08-19,225255,225255
2019-08-20,411807,411807
2019-08-21,446236,446236
2019-08-22,405840,405840
2019-08-23,484864,484864
2019-08-24,409094,409094
2019-08-25,482649,482649
2019-08-26,506103,506103
2019-08-27,491156,491156
2019-08-28,470188,470188
2019-08-29,484149,484149
2019-08-30,528361,528361
2019-08-31,534593,534593
2019-09-01,493093,493093
2019-09-02,597027,597027
2019-09-03,823230,823230
2019-09-04,525168,525168
2019-09-05,406702,406702
2019-09-06,443349,443349
2019-09-07,449259,449259
2019-09-08,523167,523167
2019-09-09,544829,544829
2019-09-10,466093,466093
2019-09-11,351603,351603
2019-09-12,434398,434398
2019-09-13,507626,507626
2019-09-14,403604,403604
2019-09-15,365814,365814
2019-09-16,530243,530243
2019-09-17,446591,446591
2019-09-18,524213,524213
2019-09-19,468554,468554
2019-09-20,489568,489568
2019-09-21,434333,434333
2019-09-22,497218,497218
2019-09-23,434981,434981
2019-09-24,702610,702610
2019-09-25,549397,549397
2019-09-26,517056,517056
2019-09-27,548184,548184
2019-09-28,429539,429539
2019-09-29,532449,532449
2019-09-30,529031,529031
2019-10-01,745040,745040
2019-10-02,604732,604732
2019-10-03,493325,493325
2019-10-04,443953,443953
2019-10-05,588860,588860
2019-10-06,462455,462455
2019-10-07,486251,486251
2019-10-08,646107,646107
2019-10-09,530204,530204
2019-10-10,478914,478914
2019-10-11,421855,421855
2019-10-12,375101,375101
2019-10-13,405162,405162
2019-10-14,476727,476727
2019-10-15,480447,480447
2019-10-16,457894,457894
2019-10-17,390547,390547
2019-10-18,370533,370533
2019-10-19,315385,315385
2019-10-20,380209,380209
2019-10-21,454237,454237
2019-10-22,392834,392834
2019-10-23,403683,403683
2019-10-24,335478,335478
2019-10-25,396574,396574
2019-10-26,283406,283406
2019-10-27,391441,391441
2019-10-28,447971,447971
2019-10-29,349907,349907
2019-10-30,311070,311070
2019-10-31,334941,334941
2019-11-01,345850,345850
2019-11-02,285226,285226
2019-11-03,310352,310352
2019-11-04,305949,305949
2019-11-05,248369,248369
2019-11-06,46053,46053
2019-11-07,24337,24337
2019-11-08,20451,20451
2019-11-09,84815,84815
2019-11-10,431785,431785
2019-11-11,592507,592507
2019-11-12,414961,414961
2019-11-13,316300,316300
2019-11-14,411169,411169
2019-11-15,347178,347178
2019-11-16,200350,200350
2019-11-17,267294,267294
2019-11-18,328318,328318
2019-11-19,329345,329345
2019-11-20,314063,314063
2019-11-21,266950,266950
2019-11-22,391905,391905
2019-11-23,271921,271921
2019-11-24,354693,354693
2019-11-25,535095,535095
2019-11-26,490400,490400
2019-11-27,415875,415875
2019-11-28,320717,320717
2019-11-29,444416,444416
2019-11-30,323577,323577
2019-12-01,350790,350790
2019-12-02,527804,527804
2019-12-03,595984,595984
2019-12-04,488064,488064
2019-12-05,351479,351479
2019-12-06,477450,477450
2019-12-07,295091,295091
2019-12-08,438717,438717
2019-12-09,533061,533061
2019-12-10,642102,642102
2019-12-11,425254,425254
2019-12-12,546827,546827
2019-12-13,479940,479940
2019-12-14,503617,503617
2019-12-15,365697,365697
2019-12-16,606152,606152
2019-12-17,471549,471549
2019-12-18,522058,522058
2019-12-19,413624,413624
2019-12-20,480203,480203
2019-12-21,535526,535526
2019-12-22,454331,454331
2019-12-23,454396,454396
2019-12-24,575197,575197
2019-12-25,536475,536475
2019-12-26,476903,476903
2019-12-27,462237,462237
2019-12-28,515826,515826
2019-12-29,517883,517883
2019-12-30,314919,314919
2019-12-31,96036,96036
